A10249252O9I20MRSOBVF:36WLNQG780UU5OM2GMNN26HDE77EBG,initialized,0,,1484787949375
A10249252O9I20MRSOBVF:36WLNQG780UU5OM2GMNN26HDE77EBG,window_resize,0,"[1020, 675]",1484787949375
A10249252O9I20MRSOBVF:36WLNQG780UU5OM2GMNN26HDE77EBG,focus,1049,on,1484787950424
A10249252O9I20MRSOBVF:36WLNQG780UU5OM2GMNN26HDE77EBG,focus,22193,on,1484787972617
A10249252O9I20MRSOBVF:36WLNQG780UU5OM2GMNN26HDE77EBG,focus,19734,on,1484787992351
A10249252O9I20MRSOBVF:36WLNQG780UU5OM2GMNN26HDE77EBG,focus,8517,on,1484788000868
A10249252O9I20MRSOBVF:36WLNQG780UU5OM2GMNN26HDE77EBG,focus,8079,off,1484788008947
A10249252O9I20MRSOBVF:36WLNQG780UU5OM2GMNN26HDE77EBG,focus,475739,off,1484788484686
A10249252O9I20MRSOBVF:36WLNQG780UU5OM2GMNN26HDE77EBG,focus,37622,on,1484788522308
A10249252O9I20MRSOBVF:36WLNQG780UU5OM2GMNN26HDE77EBG,focus,8,off,1484788522316
A10249252O9I20MRSOBVF:36WLNQG780UU5OM2GMNN26HDE77EBG,focus,2178,on,1484788524494
A110JYKWR9T6H8:39ZSFO5CA9GHC3H0UEF94CMT9M9UJ6,initialized,0,,1485281423029
A110JYKWR9T6H8:39ZSFO5CA9GHC3H0UEF94CMT9M9UJ6,window_resize,0,"[1349, 844]",1485281423029
A110JYKWR9T6H8:39ZSFO5CA9GHC3H0UEF94CMT9M9UJ6,window_resize,15742,"[1359, 744]",1485281438771
A110JYKWR9T6H8:39ZSFO5CA9GHC3H0UEF94CMT9M9UJ6,window_resize,3776,"[1920, 1052]",1485281442547
A11O504U2EJUGU:3NPFYT4IZDOZ25LURD5TR6THAQAGX8,initialized,0,,1484787835950
A11O504U2EJUGU:3NPFYT4IZDOZ25LURD5TR6THAQAGX8,window_resize,0,"[1020, 675]",1484787835950
A11O504U2EJUGU:3NPFYT4IZDOZ25LURD5TR6THAQAGX8,focus,14675,off,1484787850625
A11O504U2EJUGU:3NPFYT4IZDOZ25LURD5TR6THAQAGX8,focus,8964,on,1484787859589
A11O504U2EJUGU:3NPFYT4IZDOZ25LURD5TR6THAQAGX8,focus,31371,off,1484787890960
A11O504U2EJUGU:3NPFYT4IZDOZ25LURD5TR6THAQAGX8,focus,30950,on,1484787921910
A11TY4VHBBJLJR:3VBEN272MLJR6OZVX3Z6SYCPWX7GS8,initialized,0,,1485288780893
A11TY4VHBBJLJR:3VBEN272MLJR6OZVX3Z6SYCPWX7GS8,window_resize,0,"[1020, 675]",1485288780893
A11TY4VHBBJLJR:3VBEN272MLJR6OZVX3Z6SYCPWX7GS8,focus,100274,off,1485288881167
A11TY4VHBBJLJR:3VBEN272MLJR6OZVX3Z6SYCPWX7GS8,focus,168197,on,1485289049364
A11YS0T8MV3Q7C:3LEIZ60CDKJ9SQY1EPN4WAN5F19Z96,initialized,0,,1485304549970
A11YS0T8MV3Q7C:3LEIZ60CDKJ9SQY1EPN4WAN5F19Z96,window_resize,0,"[1366, 678]",1485304549970
A11YS0T8MV3Q7C:3LEIZ60CDKJ9SQY1EPN4WAN5F19Z96,focus,24741,off,1485304574711
A11YS0T8MV3Q7C:3LEIZ60CDKJ9SQY1EPN4WAN5F19Z96,focus,1,on,1485304574712
A11YS0T8MV3Q7C:3LEIZ60CDKJ9SQY1EPN4WAN5F19Z96,focus,8,off,1485304574720
A11YS0T8MV3Q7C:3LEIZ60CDKJ9SQY1EPN4WAN5F19Z96,window_resize,227,"[667, 662]",1485304574947
A11YS0T8MV3Q7C:3LEIZ60CDKJ9SQY1EPN4WAN5F19Z96,focus,68712,on,1485304643659
A11YS0T8MV3Q7C:3LEIZ60CDKJ9SQY1EPN4WAN5F19Z96,focus,21644,off,1485304665303
A11YS0T8MV3Q7C:3LEIZ60CDKJ9SQY1EPN4WAN5F19Z96,focus,583810,on,1485305249113
A11YS0T8MV3Q7C:3LEIZ60CDKJ9SQY1EPN4WAN5F19Z96,focus,1132,off,1485305250245
A11YS0T8MV3Q7C:3LEIZ60CDKJ9SQY1EPN4WAN5F19Z96,focus,6163,on,1485305256408
A11YS0T8MV3Q7C:3LEIZ60CDKJ9SQY1EPN4WAN5F19Z96,window_resize,1559,"[1020, 675]",1485305257967
A13VIJ7G997ZCY:338JKRMM27J16O8C09VXSYUKO45HAT,initialized,0,,1484770219721
A13VIJ7G997ZCY:338JKRMM27J16O8C09VXSYUKO45HAT,window_resize,0,"[1020, 675]",1484770219721
A13VIJ7G997ZCY:338JKRMM27J16O8C09VXSYUKO45HAT,focus,33182,off,1484770252903
A13VIJ7G997ZCY:338JKRMM27J16O8C09VXSYUKO45HAT,focus,67,on,1484770252970
A149ROBL26JWPJ:36W0OB37HXY27WGKC1BW9RLTYCKHZD,initialized,0,,1485279773935
A149ROBL26JWPJ:36W0OB37HXY27WGKC1BW9RLTYCKHZD,window_resize,0,"[1020, 675]",1485279773935
A149ROBL26JWPJ:36W0OB37HXY27WGKC1BW9RLTYCKHZD,focus,48336,off,1485279822271
A149ROBL26JWPJ:36W0OB37HXY27WGKC1BW9RLTYCKHZD,focus,54838,on,1485279877109
A149ROBL26JWPJ:36W0OB37HXY27WGKC1BW9RLTYCKHZD,focus,16422,off,1485279893531
A149ROBL26JWPJ:36W0OB37HXY27WGKC1BW9RLTYCKHZD,focus,2604,on,1485279896135
A149ROBL26JWPJ:36W0OB37HXY27WGKC1BW9RLTYCKHZD,focus,47503,off,1485279943638
A149ROBL26JWPJ:36W0OB37HXY27WGKC1BW9RLTYCKHZD,focus,4344,on,1485279947982
A149ROBL26JWPJ:36W0OB37HXY27WGKC1BW9RLTYCKHZD,focus,335364,off,1485280283346
A149ROBL26JWPJ:36W0OB37HXY27WGKC1BW9RLTYCKHZD,focus,10477,on,1485280293823
A15TFO5B95QVQZ:3VJ40NV2QJ7GD1T8AMH47CHDP49TOY,initialized,0,,1485293758967
A15TFO5B95QVQZ:3VJ40NV2QJ7GD1T8AMH47CHDP49TOY,window_resize,0,"[1920, 989]",1485293758967
A15V8K8M4TXT9Y:3YGXWBAF711VNRHF5G7544B4J6R4CR,initialized,0,,1484841806933
A15V8K8M4TXT9Y:3YGXWBAF711VNRHF5G7544B4J6R4CR,window_resize,0,"[1024, 686]",1484841806933
A15V8K8M4TXT9Y:3YGXWBAF711VNRHF5G7544B4J6R4CR,focus,21403,off,1484841828336
A15V8K8M4TXT9Y:3YGXWBAF711VNRHF5G7544B4J6R4CR,focus,3292,on,1484841831628
A15V8K8M4TXT9Y:3YGXWBAF711VNRHF5G7544B4J6R4CR,focus,54000,off,1484841885628
A15V8K8M4TXT9Y:3YGXWBAF711VNRHF5G7544B4J6R4CR,focus,7828,on,1484841893456
A15V8K8M4TXT9Y:3YGXWBAF711VNRHF5G7544B4J6R4CR,focus,28169,off,1484841921625
A15V8K8M4TXT9Y:3YGXWBAF711VNRHF5G7544B4J6R4CR,focus,4849,on,1484841926474
A15V8K8M4TXT9Y:3YGXWBAF711VNRHF5G7544B4J6R4CR,focus,16256,off,1484841942730
A15V8K8M4TXT9Y:3YGXWBAF711VNRHF5G7544B4J6R4CR,focus,12766,on,1484841955496
A15V8K8M4TXT9Y:3YGXWBAF711VNRHF5G7544B4J6R4CR,focus,36834,off,1484841992330
A15V8K8M4TXT9Y:3YGXWBAF711VNRHF5G7544B4J6R4CR,focus,3417,on,1484841995747
A15V8K8M4TXT9Y:3YGXWBAF711VNRHF5G7544B4J6R4CR,focus,17502,off,1484842013249
A15V8K8M4TXT9Y:3YGXWBAF711VNRHF5G7544B4J6R4CR,focus,5965,on,1484842019214
A15V8K8M4TXT9Y:3YGXWBAF711VNRHF5G7544B4J6R4CR,focus,45955,off,1484842065169
A15V8K8M4TXT9Y:3YGXWBAF711VNRHF5G7544B4J6R4CR,focus,5178,on,1484842070347
A15V8K8M4TXT9Y:3YGXWBAF711VNRHF5G7544B4J6R4CR,focus,43975,off,1484842114322
A15V8K8M4TXT9Y:3YGXWBAF711VNRHF5G7544B4J6R4CR,focus,4047,on,1484842118369
A15V8K8M4TXT9Y:3YGXWBAF711VNRHF5G7544B4J6R4CR,focus,49312,off,1484842167681
A15V8K8M4TXT9Y:3YGXWBAF711VNRHF5G7544B4J6R4CR,focus,3659,on,1484842171340
A15V8K8M4TXT9Y:3YGXWBAF711VNRHF5G7544B4J6R4CR,focus,35727,off,1484842207067
A15V8K8M4TXT9Y:3YGXWBAF711VNRHF5G7544B4J6R4CR,focus,3340,on,1484842210407
A15V8K8M4TXT9Y:3YGXWBAF711VNRHF5G7544B4J6R4CR,focus,46675,off,1484842257082
A15V8K8M4TXT9Y:3YGXWBAF711VNRHF5G7544B4J6R4CR,focus,4088,on,1484842261170
A15V8K8M4TXT9Y:3YGXWBAF711VNRHF5G7544B4J6R4CR,focus,51705,off,1484842312875
A15V8K8M4TXT9Y:3YGXWBAF711VNRHF5G7544B4J6R4CR,focus,3119,on,1484842315994
A15V8K8M4TXT9Y:3YGXWBAF711VNRHF5G7544B4J6R4CR,focus,41895,off,1484842357889
A15V8K8M4TXT9Y:3YGXWBAF711VNRHF5G7544B4J6R4CR,focus,17331,on,1484842375220
A15V8K8M4TXT9Y:3YGXWBAF711VNRHF5G7544B4J6R4CR,focus,48220,off,1484842423440
A15V8K8M4TXT9Y:3YGXWBAF711VNRHF5G7544B4J6R4CR,focus,5691,on,1484842429131
A15V8K8M4TXT9Y:3YGXWBAF711VNRHF5G7544B4J6R4CR,focus,47754,off,1484842476885
A15V8K8M4TXT9Y:3YGXWBAF711VNRHF5G7544B4J6R4CR,focus,4549,on,1484842481434
A15V8K8M4TXT9Y:3YGXWBAF711VNRHF5G7544B4J6R4CR,focus,48534,off,1484842529968
A15V8K8M4TXT9Y:3YGXWBAF711VNRHF5G7544B4J6R4CR,focus,3450,on,1484842533418
A15V8K8M4TXT9Y:3YGXWBAF711VNRHF5G7544B4J6R4CR,focus,42935,off,1484842576353
A15V8K8M4TXT9Y:3YGXWBAF711VNRHF5G7544B4J6R4CR,focus,5064,on,1484842581417
A177EXELDLWTWV:3ZAZR5XV022BQO54Q9XVY0ODKX7CZG,initialized,0,,1484769521065
A177EXELDLWTWV:3ZAZR5XV022BQO54Q9XVY0ODKX7CZG,window_resize,0,"[944, 974]",1484769521065
A177EXELDLWTWV:3ZAZR5XV022BQO54Q9XVY0ODKX7CZG,focus,9224,off,1484769530289
A177EXELDLWTWV:3ZAZR5XV022BQO54Q9XVY0ODKX7CZG,window_resize,219,"[944, 974]",1484769530508
A177EXELDLWTWV:3ZAZR5XV022BQO54Q9XVY0ODKX7CZG,focus,5283,on,1484769535791
A177EXELDLWTWV:3ZAZR5XV022BQO54Q9XVY0ODKX7CZG,window_resize,1005,"[944, 974]",1484769536796
A177EXELDLWTWV:3ZAZR5XV022BQO54Q9XVY0ODKX7CZG,focus,56517,off,1484769593313
A177EXELDLWTWV:3ZAZR5XV022BQO54Q9XVY0ODKX7CZG,focus,1985,on,1484769595298
A177EXELDLWTWV:3ZAZR5XV022BQO54Q9XVY0ODKX7CZG,focus,261825,off,1484769857123
A177EXELDLWTWV:3ZAZR5XV022BQO54Q9XVY0ODKX7CZG,focus,2273,on,1484769859396
A177EXELDLWTWV:3ZAZR5XV022BQO54Q9XVY0ODKX7CZG,focus,23770,off,1484769883166
A177EXELDLWTWV:3ZAZR5XV022BQO54Q9XVY0ODKX7CZG,focus,1296,on,1484769884462
A177EXELDLWTWV:3ZAZR5XV022BQO54Q9XVY0ODKX7CZG,focus,51048,off,1484769935510
A177EXELDLWTWV:3ZAZR5XV022BQO54Q9XVY0ODKX7CZG,focus,19227,on,1484769954737
A177EXELDLWTWV:3ZAZR5XV022BQO54Q9XVY0ODKX7CZG,focus,2007,off,1484769956744
A177EXELDLWTWV:3ZAZR5XV022BQO54Q9XVY0ODKX7CZG,focus,1016,on,1484769957760
A177EXELDLWTWV:3ZAZR5XV022BQO54Q9XVY0ODKX7CZG,focus,3248,off,1484769961008
A177EXELDLWTWV:3ZAZR5XV022BQO54Q9XVY0ODKX7CZG,focus,898,on,1484769961906
A177EXELDLWTWV:3ZAZR5XV022BQO54Q9XVY0ODKX7CZG,focus,35023,off,1484769996929
A177EXELDLWTWV:3ZAZR5XV022BQO54Q9XVY0ODKX7CZG,focus,1088,on,1484769998017
A177EXELDLWTWV:3ZAZR5XV022BQO54Q9XVY0ODKX7CZG,focus,4650,off,1484770002667
A177EXELDLWTWV:3ZAZR5XV022BQO54Q9XVY0ODKX7CZG,focus,16721,on,1484770019388
A177EXELDLWTWV:3ZAZR5XV022BQO54Q9XVY0ODKX7CZG,focus,60626,off,1484770080014
A177EXELDLWTWV:3ZAZR5XV022BQO54Q9XVY0ODKX7CZG,focus,8033,on,1484770088047
A19LTHK3TA57SF:3KJYX6QCMAVHPI60Z4PE0YOCNTIVJW,initialized,0,,1485279516972
A19LTHK3TA57SF:3KJYX6QCMAVHPI60Z4PE0YOCNTIVJW,window_resize,0,"[1020, 675]",1485279516972
A19LTHK3TA57SF:3KJYX6QCMAVHPI60Z4PE0YOCNTIVJW,window_resize,63416,"[1366, 664]",1485279580388
A1B4KC5KP7FH1Z:3IXEICO7933QOVN4AQVAQCVM44G6TN,initialized,0,,1485293688743
A1B4KC5KP7FH1Z:3IXEICO7933QOVN4AQVAQCVM44G6TN,window_resize,1,"[1020, 675]",1485293688744
A1B4KC5KP7FH1Z:3IXEICO7933QOVN4AQVAQCVM44G6TN,focus,45131,off,1485293733875
A1B4KC5KP7FH1Z:3IXEICO7933QOVN4AQVAQCVM44G6TN,focus,56587,on,1485293790462
A1B4KC5KP7FH1Z:3IXEICO7933QOVN4AQVAQCVM44G6TN,window_resize,57484,"[1366, 684]",1485293847946
A1B4KC5KP7FH1Z:3IXEICO7933QOVN4AQVAQCVM44G6TN,focus,15643,off,1485293863589
A1B4KC5KP7FH1Z:3IXEICO7933QOVN4AQVAQCVM44G6TN,focus,5523,on,1485293869112
A1B4KC5KP7FH1Z:3IXEICO7933QOVN4AQVAQCVM44G6TN,focus,70906,off,1485293940018
A1B4KC5KP7FH1Z:3IXEICO7933QOVN4AQVAQCVM44G6TN,focus,80798,on,1485294020816
A1B4KC5KP7FH1Z:3IXEICO7933QOVN4AQVAQCVM44G6TN,focus,208562,off,1485294229378
A1B4KC5KP7FH1Z:3IXEICO7933QOVN4AQVAQCVM44G6TN,focus,4133,on,1485294233511
A1B4KC5KP7FH1Z:3IXEICO7933QOVN4AQVAQCVM44G6TN,focus,195554,off,1485294429065
A1B4KC5KP7FH1Z:3IXEICO7933QOVN4AQVAQCVM44G6TN,focus,5464,on,1485294434529
A1C59M3HPCO503:3VBEN272MLJR6OZVX3Z6SYCPWX7GS8,initialized,0,,1485281236111
A1C59M3HPCO503:3VBEN272MLJR6OZVX3Z6SYCPWX7GS8,window_resize,0,"[1020, 675]",1485281236111
A1C59M3HPCO503:3VBEN272MLJR6OZVX3Z6SYCPWX7GS8,focus,22402,off,1485281258513
A1C59M3HPCO503:3VBEN272MLJR6OZVX3Z6SYCPWX7GS8,focus,11530,on,1485281270043
A1C59M3HPCO503:3VBEN272MLJR6OZVX3Z6SYCPWX7GS8,focus,49824,off,1485281319867
A1C59M3HPCO503:3VBEN272MLJR6OZVX3Z6SYCPWX7GS8,focus,3566,on,1485281323433
A1CFUMXK9QFT9M:3R9WASFE200IT0PEHBNW669GIZ4ZFY,initialized,0,,1485293209613
A1CFUMXK9QFT9M:3R9WASFE200IT0PEHBNW669GIZ4ZFY,window_resize,0,"[1020, 675]",1485293209613
A1CFUMXK9QFT9M:3R9WASFE200IT0PEHBNW669GIZ4ZFY,focus,29171,off,1485293238784
A1CFUMXK9QFT9M:3R9WASFE200IT0PEHBNW669GIZ4ZFY,focus,2,on,1485293238786
A1DIGREVLNOXT3:3Q5C1WP23NLTW7BH3O1VS0YRGQE15T,initialized,0,,1485295013839
A1DIGREVLNOXT3:3Q5C1WP23NLTW7BH3O1VS0YRGQE15T,window_resize,0,"[1024, 686]",1485295013839
A1DIGREVLNOXT3:3Q5C1WP23NLTW7BH3O1VS0YRGQE15T,focus,221204,off,1485295235043
A1DIGREVLNOXT3:3Q5C1WP23NLTW7BH3O1VS0YRGQE15T,focus,4975,on,1485295240018
A1F2MFSHXTGAVD:3WRFBPLXRB8TWZV2USB0AADA46MN3C,initialized,0,,1484769760779
A1F2MFSHXTGAVD:3WRFBPLXRB8TWZV2USB0AADA46MN3C,window_resize,0,"[1020, 675]",1484769760779
A1F2MFSHXTGAVD:3WRFBPLXRB8TWZV2USB0AADA46MN3C,focus,71522,off,1484769832301
A1F2MFSHXTGAVD:3WRFBPLXRB8TWZV2USB0AADA46MN3C,focus,2,on,1484769832303
A1F2MFSHXTGAVD:3WRFBPLXRB8TWZV2USB0AADA46MN3C,focus,0,off,1484769832303
A1F2MFSHXTGAVD:3WRFBPLXRB8TWZV2USB0AADA46MN3C,focus,29,on,1484769832332
A1F2MFSHXTGAVD:3WRFBPLXRB8TWZV2USB0AADA46MN3C,window_resize,36514,"[1366, 678]",1484769868846
A1FQGVP8SX5WE2:3WEV0KO0ONCOU4P4VDYYMD9SIM5SDL,initialized,0,,1484844129864
A1FQGVP8SX5WE2:3WEV0KO0ONCOU4P4VDYYMD9SIM5SDL,window_resize,0,"[1020, 667]",1484844129864
A1FQGVP8SX5WE2:3WEV0KO0ONCOU4P4VDYYMD9SIM5SDL,focus,487,on,1484844130351
A1FQGVP8SX5WE2:3WEV0KO0ONCOU4P4VDYYMD9SIM5SDL,window_resize,19485,"[1920, 980]",1484844149836
A1FQGVP8SX5WE2:3WEV0KO0ONCOU4P4VDYYMD9SIM5SDL,focus,10452,off,1484844160288
A1FQGVP8SX5WE2:3WEV0KO0ONCOU4P4VDYYMD9SIM5SDL,focus,2535,on,1484844162823
A1FQGVP8SX5WE2:3WEV0KO0ONCOU4P4VDYYMD9SIM5SDL,focus,26480,off,1484844189303
A1FQGVP8SX5WE2:3WEV0KO0ONCOU4P4VDYYMD9SIM5SDL,focus,4496,on,1484844193799
A1FQGVP8SX5WE2:3WEV0KO0ONCOU4P4VDYYMD9SIM5SDL,focus,70913,off,1484844264712
A1FQGVP8SX5WE2:3WEV0KO0ONCOU4P4VDYYMD9SIM5SDL,focus,2192,on,1484844266904
A1GXFMAC759VRM:3RRCEFRB7NWCDMP9RGBATK5M26A4BA,initialized,0,,1485294132218
A1GXFMAC759VRM:3RRCEFRB7NWCDMP9RGBATK5M26A4BA,window_resize,0,"[1020, 675]",1485294132218
A1GXFMAC759VRM:3RRCEFRB7NWCDMP9RGBATK5M26A4BA,focus,29598,off,1485294161816
A1GXFMAC759VRM:3RRCEFRB7NWCDMP9RGBATK5M26A4BA,focus,5053,on,1485294166869
A1HRHFU7KTS0KW:3G0WWMR1UW4L3014S3NWNI6LE2YNQL,initialized,0,,1484849076833
A1HRHFU7KTS0KW:3G0WWMR1UW4L3014S3NWNI6LE2YNQL,window_resize,1,"[1366, 677]",1484849076834
A1HRHFU7KTS0KW:3G0WWMR1UW4L3014S3NWNI6LE2YNQL,focus,64810,off,1484849141644
A1HRHFU7KTS0KW:3G0WWMR1UW4L3014S3NWNI6LE2YNQL,focus,1,on,1484849141645
A1HRHFU7KTS0KW:3G0WWMR1UW4L3014S3NWNI6LE2YNQL,focus,4,off,1484849141649
A1HRHFU7KTS0KW:3G0WWMR1UW4L3014S3NWNI6LE2YNQL,focus,21,on,1484849141670
A1JVO7FLPATHUB:3M81GAB8A13J2RC7PDINWN6RYWUQBC,initialized,0,,1485279858608
A1JVO7FLPATHUB:3M81GAB8A13J2RC7PDINWN6RYWUQBC,window_resize,0,"[1920, 989]",1485279858608
A1JVO7FLPATHUB:3M81GAB8A13J2RC7PDINWN6RYWUQBC,focus,26852,off,1485279885460
A1JVO7FLPATHUB:3M81GAB8A13J2RC7PDINWN6RYWUQBC,focus,928,on,1485279886388
A1M682B2WUSYJP:3S06PH7KSSOO0KQAIUJEQCMJSI6D1S,initialized,0,,1484771453519
A1M682B2WUSYJP:3S06PH7KSSOO0KQAIUJEQCMJSI6D1S,window_resize,0,"[1074, 711]",1484771453519
A1M682B2WUSYJP:3S06PH7KSSOO0KQAIUJEQCMJSI6D1S,focus,336,on,1484771453855
A1M682B2WUSYJP:3S06PH7KSSOO0KQAIUJEQCMJSI6D1S,focus,298366,off,1484771752221
A1M682B2WUSYJP:3S06PH7KSSOO0KQAIUJEQCMJSI6D1S,focus,6,on,1484771752227
A1M682B2WUSYJP:3S06PH7KSSOO0KQAIUJEQCMJSI6D1S,focus,2185,off,1484771754412
A1M682B2WUSYJP:3S06PH7KSSOO0KQAIUJEQCMJSI6D1S,focus,96,on,1484771754508
A1OIPSWKV6DVUF:3ZSANO2JCGRLSO30MJTOADCDUVQSFT,initialized,0,,1484764530366
A1OIPSWKV6DVUF:3ZSANO2JCGRLSO30MJTOADCDUVQSFT,window_resize,0,"[1018, 674]",1484764530366
A1OIPSWKV6DVUF:3ZSANO2JCGRLSO30MJTOADCDUVQSFT,focus,445,on,1484764530811
A1OIPSWKV6DVUF:3ZSANO2JCGRLSO30MJTOADCDUVQSFT,window_resize,24172,"[1600, 812]",1484764554983
A1OIPSWKV6DVUF:3ZSANO2JCGRLSO30MJTOADCDUVQSFT,window_resize,22955,"[1018, 674]",1484764577938
A1OIPSWKV6DVUF:3ZSANO2JCGRLSO30MJTOADCDUVQSFT,window_resize,3718,"[1600, 812]",1484764581656
A1QLYBRMIULAYC:3WJEQKOXA9MQ2DNYYKSC0BED7F9A1N,initialized,0,,1484770554763
A1QLYBRMIULAYC:3WJEQKOXA9MQ2DNYYKSC0BED7F9A1N,window_resize,0,"[1020, 675]",1484770554763
A1QLYBRMIULAYC:3WJEQKOXA9MQ2DNYYKSC0BED7F9A1N,focus,653,on,1484770555416
A1QLYBRMIULAYC:3WJEQKOXA9MQ2DNYYKSC0BED7F9A1N,focus,21823,on,1484770577239
A1QLYBRMIULAYC:3WJEQKOXA9MQ2DNYYKSC0BED7F9A1N,focus,13254,off,1484770590493
A1QLYBRMIULAYC:3WJEQKOXA9MQ2DNYYKSC0BED7F9A1N,window_resize,193,"[1855, 1032]",1484770590686
A1S6C6EN8MPKC3:3BGYGHDBBY48MVAQ49ZBZC5KN1I22K,initialized,0,,1484842076652
A1S6C6EN8MPKC3:3BGYGHDBBY48MVAQ49ZBZC5KN1I22K,window_resize,0,"[1024, 677]",1484842076652
A1S6C6EN8MPKC3:3BGYGHDBBY48MVAQ49ZBZC5KN1I22K,focus,34111,off,1484842110763
A1S6C6EN8MPKC3:3BGYGHDBBY48MVAQ49ZBZC5KN1I22K,focus,5343,on,1484842116106
A1SLJKNSNHOJRN:3QIYRE09Y41XMWHN7OXHMHYD7BE1NJ,initialized,0,,1485299219007
A1SLJKNSNHOJRN:3QIYRE09Y41XMWHN7OXHMHYD7BE1NJ,window_resize,0,"[1018, 674]",1485299219007
A1SLJKNSNHOJRN:3QIYRE09Y41XMWHN7OXHMHYD7BE1NJ,focus,763,on,1485299219770
A1SVCWSPL677Q4:3DL65MZB8EZDFTE8UMJIDQNVWS7ECN,initialized,0,,1484792407819
A1SVCWSPL677Q4:3DL65MZB8EZDFTE8UMJIDQNVWS7ECN,window_resize,0,"[1020, 675]",1484792407819
A1U7O93JY3WFMU:336YQZE83WYQSWX6WAKTCSMUEZBM5K,initialized,0,,1485281727710
A1U7O93JY3WFMU:336YQZE83WYQSWX6WAKTCSMUEZBM5K,window_resize,0,"[1020, 675]",1485281727710
A1U7O93JY3WFMU:336YQZE83WYQSWX6WAKTCSMUEZBM5K,focus,686,on,1485281728396
A1U7O93JY3WFMU:336YQZE83WYQSWX6WAKTCSMUEZBM5K,focus,25119,off,1485281753515
A1U7O93JY3WFMU:336YQZE83WYQSWX6WAKTCSMUEZBM5K,focus,23550,on,1485281777065
A1U7O93JY3WFMU:336YQZE83WYQSWX6WAKTCSMUEZBM5K,focus,9291,off,1485281786356
A1U7O93JY3WFMU:336YQZE83WYQSWX6WAKTCSMUEZBM5K,focus,2605,on,1485281788961
A1VZSFHTU51JP0:3QY5DC2MXS4171V4BOOOPEU1GFSUF3,initialized,0,,1485280809913
A1VZSFHTU51JP0:3QY5DC2MXS4171V4BOOOPEU1GFSUF3,window_resize,0,"[927, 614]",1485280809913
A1VZSFHTU51JP0:3QY5DC2MXS4171V4BOOOPEU1GFSUF3,focus,21883,off,1485280831796
A1VZSFHTU51JP0:3QY5DC2MXS4171V4BOOOPEU1GFSUF3,focus,44,on,1485280831840
A1VZSFHTU51JP0:3QY5DC2MXS4171V4BOOOPEU1GFSUF3,window_resize,237,"[1164, 848]",1485280832077
A1VZSFHTU51JP0:3QY5DC2MXS4171V4BOOOPEU1GFSUF3,window_resize,57722,"[927, 614]",1485280889799
A1VZSFHTU51JP0:3QY5DC2MXS4171V4BOOOPEU1GFSUF3,window_resize,2317,"[1164, 848]",1485280892116
A1VZSFHTU51JP0:3QY5DC2MXS4171V4BOOOPEU1GFSUF3,focus,5137,off,1485280897253
A1VZSFHTU51JP0:3QY5DC2MXS4171V4BOOOPEU1GFSUF3,focus,18105,on,1485280915358
A1VZSFHTU51JP0:3QY5DC2MXS4171V4BOOOPEU1GFSUF3,window_resize,18015,"[927, 614]",1485280933373
A1VZSFHTU51JP0:3QY5DC2MXS4171V4BOOOPEU1GFSUF3,window_resize,1369,"[1164, 848]",1485280934742
A1VZSFHTU51JP0:3QY5DC2MXS4171V4BOOOPEU1GFSUF3,focus,1175,off,1485280935917
A1VZSFHTU51JP0:3QY5DC2MXS4171V4BOOOPEU1GFSUF3,focus,5120,on,1485280941037
A1VZSFHTU51JP0:3QY5DC2MXS4171V4BOOOPEU1GFSUF3,focus,865,off,1485280941902
A1VZSFHTU51JP0:3QY5DC2MXS4171V4BOOOPEU1GFSUF3,focus,2632,on,1485280944534
A1VZSFHTU51JP0:3QY5DC2MXS4171V4BOOOPEU1GFSUF3,focus,45962,off,1485280990496
A1VZSFHTU51JP0:3QY5DC2MXS4171V4BOOOPEU1GFSUF3,focus,11103,on,1485281001599
A1YM0IWPC72J7V:3X0H8UUIT28N3APVC83OE1YDQLXWSN,initialized,0,,1485284835434
A1YM0IWPC72J7V:3X0H8UUIT28N3APVC83OE1YDQLXWSN,window_resize,0,"[1018, 674]",1485284835434
A1YM0IWPC72J7V:3X0H8UUIT28N3APVC83OE1YDQLXWSN,focus,6374,on,1485284841808
A1YM0IWPC72J7V:3X0H8UUIT28N3APVC83OE1YDQLXWSN,focus,4552,on,1485284846360
A1YM0IWPC72J7V:3X0H8UUIT28N3APVC83OE1YDQLXWSN,focus,7845,off,1485284854205
A1YM0IWPC72J7V:3X0H8UUIT28N3APVC83OE1YDQLXWSN,window_resize,200,"[1600, 822]",1485284854405
A1Z0O5MC9DAE8C:324G5B4FB4S8CM4IVYCSCFTD1JW07Q,initialized,0,,1484850472485
A1Z0O5MC9DAE8C:324G5B4FB4S8CM4IVYCSCFTD1JW07Q,window_resize,0,"[1020, 675]",1484850472485
A1ZHX6QVK82TIP:3N1FSUEFL6K5SJNT5C2GOATM5RM4DH,initialized,0,,1485293212132
A1ZHX6QVK82TIP:3N1FSUEFL6K5SJNT5C2GOATM5RM4DH,window_resize,1,"[1020, 675]",1485293212133
A207IHY6GERCFO:3FPRZHYEPZR6444BWJXRKR7NQDAV3V,initialized,0,,1484842735915
A207IHY6GERCFO:3FPRZHYEPZR6444BWJXRKR7NQDAV3V,window_resize,0,"[927, 614]",1484842735915
A207IHY6GERCFO:3FPRZHYEPZR6444BWJXRKR7NQDAV3V,window_resize,20156,"[1236, 615]",1484842756071
A21D5QDKDO65OM:3C6FJU71TRD77SCZGEGCEZ1HMSFYU5,initialized,0,,1485297458630
A21D5QDKDO65OM:3C6FJU71TRD77SCZGEGCEZ1HMSFYU5,window_resize,0,"[916, 606]",1485297458630
A21D5QDKDO65OM:3C6FJU71TRD77SCZGEGCEZ1HMSFYU5,focus,695,on,1485297459325
A21D5QDKDO65OM:3C6FJU71TRD77SCZGEGCEZ1HMSFYU5,focus,67609,off,1485297526934
A21D5QDKDO65OM:3C6FJU71TRD77SCZGEGCEZ1HMSFYU5,focus,447838,on,1485297974772
A21D5QDKDO65OM:3C6FJU71TRD77SCZGEGCEZ1HMSFYU5,focus,11249,off,1485297986021
A21D5QDKDO65OM:3C6FJU71TRD77SCZGEGCEZ1HMSFYU5,focus,26971,on,1485298012992
A21D5QDKDO65OM:3C6FJU71TRD77SCZGEGCEZ1HMSFYU5,window_resize,10415,"[1366, 679]",1485298023407
A21D5QDKDO65OM:3C6FJU71TRD77SCZGEGCEZ1HMSFYU5,window_resize,5160,"[916, 606]",1485298028567
A21D5QDKDO65OM:3C6FJU71TRD77SCZGEGCEZ1HMSFYU5,focus,65703,off,1485298094270
A21D5QDKDO65OM:3C6FJU71TRD77SCZGEGCEZ1HMSFYU5,focus,4895,on,1485298099165
A21D5QDKDO65OM:3C6FJU71TRD77SCZGEGCEZ1HMSFYU5,window_resize,31098,"[1366, 679]",1485298130263
A22BQTBZLQETW4:3EFE17QCRDP56KU6H9HODYOQBXKHS8,initialized,0,,1485281207140
A22BQTBZLQETW4:3EFE17QCRDP56KU6H9HODYOQBXKHS8,window_resize,0,"[1020, 675]",1485281207140
A22T69YW4WUANF:37TD41K0AITEPCJQVH3N27RAXIYSCI,initialized,0,,1484764768849
A22T69YW4WUANF:37TD41K0AITEPCJQVH3N27RAXIYSCI,window_resize,0,"[1020, 675]",1484764768849
A22T69YW4WUANF:37TD41K0AITEPCJQVH3N27RAXIYSCI,focus,21371,off,1484764790220
A22T69YW4WUANF:37TD41K0AITEPCJQVH3N27RAXIYSCI,focus,7,on,1484764790227
A22T69YW4WUANF:37TD41K0AITEPCJQVH3N27RAXIYSCI,focus,0,off,1484764790227
A22T69YW4WUANF:37TD41K0AITEPCJQVH3N27RAXIYSCI,focus,34562,on,1484764824789
A22T69YW4WUANF:37TD41K0AITEPCJQVH3N27RAXIYSCI,focus,2984,off,1484764827773
A22T69YW4WUANF:37TD41K0AITEPCJQVH3N27RAXIYSCI,focus,42261,on,1484764870034
A22T69YW4WUANF:37TD41K0AITEPCJQVH3N27RAXIYSCI,focus,273453,off,1484765143487
A22T69YW4WUANF:37TD41K0AITEPCJQVH3N27RAXIYSCI,focus,4687,on,1484765148174
A248TO3PTV0K5P:3E4GGUZ1T9B33BEGTF5FZ8RE4X8K2K,initialized,0,,1484767574234
A248TO3PTV0K5P:3E4GGUZ1T9B33BEGTF5FZ8RE4X8K2K,window_resize,0,"[1020, 675]",1484767574234
A248TO3PTV0K5P:3E4GGUZ1T9B33BEGTF5FZ8RE4X8K2K,focus,38209,off,1484767612443
A248TO3PTV0K5P:3E4GGUZ1T9B33BEGTF5FZ8RE4X8K2K,focus,16,on,1484767612459
A248TO3PTV0K5P:3E4GGUZ1T9B33BEGTF5FZ8RE4X8K2K,focus,816609,off,1484768429068
A248TO3PTV0K5P:3E4GGUZ1T9B33BEGTF5FZ8RE4X8K2K,focus,6997,on,1484768436065
A258MR1IS96JEP:3OUYGIZWR8IXIS8IRK69C1KY2Y8P0Z,initialized,0,,1485294810532
A258MR1IS96JEP:3OUYGIZWR8IXIS8IRK69C1KY2Y8P0Z,window_resize,0,"[1020, 675]",1485294810532
A258MR1IS96JEP:3OUYGIZWR8IXIS8IRK69C1KY2Y8P0Z,focus,713,on,1485294811245
A258MR1IS96JEP:3OUYGIZWR8IXIS8IRK69C1KY2Y8P0Z,focus,136553,off,1485294947798
A258MR1IS96JEP:3OUYGIZWR8IXIS8IRK69C1KY2Y8P0Z,focus,15481,on,1485294963279
A26K8OELA8ZDI9:3C2NJ6JBKB14BHZJQSXVR08IZFUN2K,initialized,0,,1485279359060
A26K8OELA8ZDI9:3C2NJ6JBKB14BHZJQSXVR08IZFUN2K,window_resize,0,"[1020, 675]",1485279359060
A26K8OELA8ZDI9:3C2NJ6JBKB14BHZJQSXVR08IZFUN2K,focus,636,on,1485279359696
A26K8OELA8ZDI9:3C2NJ6JBKB14BHZJQSXVR08IZFUN2K,focus,18936,on,1485279378632
A26K8OELA8ZDI9:3C2NJ6JBKB14BHZJQSXVR08IZFUN2K,focus,5085,on,1485279383717
A26K8OELA8ZDI9:3C2NJ6JBKB14BHZJQSXVR08IZFUN2K,focus,9692,off,1485279393409
A26K8OELA8ZDI9:3C2NJ6JBKB14BHZJQSXVR08IZFUN2K,focus,403737,off,1485279797146
A26K8OELA8ZDI9:3C2NJ6JBKB14BHZJQSXVR08IZFUN2K,focus,9990,on,1485279807136
A26NGLGGFTATVN:3X1FV8S5JYB7YGGZRY4B3LWWV11VGS,initialized,0,,1485279461306
A26NGLGGFTATVN:3X1FV8S5JYB7YGGZRY4B3LWWV11VGS,window_resize,0,"[1020, 675]",1485279461306
A27PVIL93ZMY46:3IFS6Q0HJJ352F5QNRZ9DAP5BAZSIC,initialized,0,,1485281452503
A27PVIL93ZMY46:3IFS6Q0HJJ352F5QNRZ9DAP5BAZSIC,window_resize,0,"[1366, 677]",1485281452503
A27PVIL93ZMY46:3IFS6Q0HJJ352F5QNRZ9DAP5BAZSIC,focus,43811,off,1485281496314
A27PVIL93ZMY46:3IFS6Q0HJJ352F5QNRZ9DAP5BAZSIC,focus,1,on,1485281496315
A280D4C3U9BXJE:3IOEN3P9S83PFBBV87B0K6CRCLP169,initialized,0,,1485293408783
A280D4C3U9BXJE:3IOEN3P9S83PFBBV87B0K6CRCLP169,window_resize,1,"[1020, 675]",1485293408784
A28HYRF3QXFAXL:3TPWUS5F8AL7WT0ZFMDOZWUV4K8WCU,initialized,0,,1485293246560
A28HYRF3QXFAXL:3TPWUS5F8AL7WT0ZFMDOZWUV4K8WCU,window_resize,0,"[1020, 675]",1485293246560
A28HYRF3QXFAXL:3TPWUS5F8AL7WT0ZFMDOZWUV4K8WCU,focus,22690,off,1485293269250
A28HYRF3QXFAXL:3TPWUS5F8AL7WT0ZFMDOZWUV4K8WCU,focus,1,on,1485293269251
A28ZPY6D5AS7GZ:3EKVH9QMEZOVP5861YJSVVWOKOKD29,initialized,0,,1484771793363
A28ZPY6D5AS7GZ:3EKVH9QMEZOVP5861YJSVVWOKOKD29,window_resize,1,"[1020, 675]",1484771793364
A28ZPY6D5AS7GZ:3EKVH9QMEZOVP5861YJSVVWOKOKD29,focus,29517,off,1484771822881
A28ZPY6D5AS7GZ:3EKVH9QMEZOVP5861YJSVVWOKOKD29,focus,7170,on,1484771830051
A2AJ5QFNC9KF43:3ZOTGHDK5JVFY1GTLMCEX7LRNLVOS4,initialized,0,,1485293201619
A2AJ5QFNC9KF43:3ZOTGHDK5JVFY1GTLMCEX7LRNLVOS4,window_resize,0,"[1020, 675]",1485293201619
A2AJ5QFNC9KF43:3ZOTGHDK5JVFY1GTLMCEX7LRNLVOS4,focus,125936,off,1485293327555
A2AJ5QFNC9KF43:3ZOTGHDK5JVFY1GTLMCEX7LRNLVOS4,focus,4875,on,1485293332430
A2AJ5QFNC9KF43:3ZOTGHDK5JVFY1GTLMCEX7LRNLVOS4,focus,63362,off,1485293395792
A2AJ5QFNC9KF43:3ZOTGHDK5JVFY1GTLMCEX7LRNLVOS4,focus,4776,on,1485293400568
A2AJ5QFNC9KF43:3ZOTGHDK5JVFY1GTLMCEX7LRNLVOS4,focus,348910,off,1485293749478
A2AJ5QFNC9KF43:3ZOTGHDK5JVFY1GTLMCEX7LRNLVOS4,focus,7615,on,1485293757093
A2F79GFUWU5O96:3D3VGR7TA1ZEBXNUNZSHJUIK6SGR3O,initialized,0,,1485292779394
A2F79GFUWU5O96:3D3VGR7TA1ZEBXNUNZSHJUIK6SGR3O,window_resize,0,"[1530, 1012]",1485292779394
A2F79GFUWU5O96:3D3VGR7TA1ZEBXNUNZSHJUIK6SGR3O,window_resize,17051,"[1462, 921]",1485292796445
A2F79GFUWU5O96:3D3VGR7TA1ZEBXNUNZSHJUIK6SGR3O,focus,2593,off,1485292799038
A2F79GFUWU5O96:3D3VGR7TA1ZEBXNUNZSHJUIK6SGR3O,focus,35769,on,1485292834807
A2F79GFUWU5O96:3D3VGR7TA1ZEBXNUNZSHJUIK6SGR3O,focus,327775,off,1485293162582
A2F79GFUWU5O96:3D3VGR7TA1ZEBXNUNZSHJUIK6SGR3O,focus,28536,on,1485293191118
A2F79GFUWU5O96:3D3VGR7TA1ZEBXNUNZSHJUIK6SGR3O,focus,213748,off,1485293404866
A2F79GFUWU5O96:3D3VGR7TA1ZEBXNUNZSHJUIK6SGR3O,focus,994,on,1485293405860
A2F79GFUWU5O96:3D3VGR7TA1ZEBXNUNZSHJUIK6SGR3O,focus,1194,off,1485293407054
A2F79GFUWU5O96:3D3VGR7TA1ZEBXNUNZSHJUIK6SGR3O,focus,149876,on,1485293556930
A2F79GFUWU5O96:3D3VGR7TA1ZEBXNUNZSHJUIK6SGR3O,focus,49024,off,1485293605954
A2F79GFUWU5O96:3D3VGR7TA1ZEBXNUNZSHJUIK6SGR3O,focus,2055,on,1485293608009
A2F79GFUWU5O96:3D3VGR7TA1ZEBXNUNZSHJUIK6SGR3O,focus,23033,off,1485293631042
A2F79GFUWU5O96:3D3VGR7TA1ZEBXNUNZSHJUIK6SGR3O,focus,28333,on,1485293659375
A2G30CUMM6UXG5:3YW4XOSQKR5AHM1W4P930CQ7F5A1UA,initialized,0,,1485286242169
A2G30CUMM6UXG5:3YW4XOSQKR5AHM1W4P930CQ7F5A1UA,window_resize,0,"[1020, 675]",1485286242169
A2GTJ0BD4CG1A2:339ANSOTR6M7EWSIIIQ7MOYVTTEKI4,initialized,0,,1484770722224
A2GTJ0BD4CG1A2:339ANSOTR6M7EWSIIIQ7MOYVTTEKI4,window_resize,0,"[1920, 990]",1484770722224
A2GTJ0BD4CG1A2:339ANSOTR6M7EWSIIIQ7MOYVTTEKI4,focus,548,on,1484770722772
A2HSCKH5NKN5LP:3ZAZR5XV022BQO54Q9XVY0ODLKFZCM,initialized,0,,1485279336983
A2HSCKH5NKN5LP:3ZAZR5XV022BQO54Q9XVY0ODLKFZCM,window_resize,0,"[1020, 675]",1485279336983
A2HSCKH5NKN5LP:3ZAZR5XV022BQO54Q9XVY0ODLKFZCM,focus,20463,off,1485279357446
A2HSCKH5NKN5LP:3ZAZR5XV022BQO54Q9XVY0ODLKFZCM,focus,8350,on,1485279365796
A2HSCKH5NKN5LP:3ZAZR5XV022BQO54Q9XVY0ODLKFZCM,focus,15428,off,1485279381224
A2HSCKH5NKN5LP:3ZAZR5XV022BQO54Q9XVY0ODLKFZCM,focus,1383,on,1485279382607
A2HSCKH5NKN5LP:3ZAZR5XV022BQO54Q9XVY0ODLKFZCM,focus,254943,off,1485279637550
A2HSCKH5NKN5LP:3ZAZR5XV022BQO54Q9XVY0ODLKFZCM,focus,4685,on,1485279642235
A2IG075A0I3O73:3P1L2B7AD29SUOL31DFDLL7WVRNOLQ,initialized,0,,1485293391481
A2IG075A0I3O73:3P1L2B7AD29SUOL31DFDLL7WVRNOLQ,window_resize,0,"[1366, 664]",1485293391481
A2IG075A0I3O73:3P1L2B7AD29SUOL31DFDLL7WVRNOLQ,focus,47168,off,1485293438649
A2IG075A0I3O73:3P1L2B7AD29SUOL31DFDLL7WVRNOLQ,focus,2,on,1485293438651
A2IG075A0I3O73:3P1L2B7AD29SUOL31DFDLL7WVRNOLQ,focus,0,off,1485293438651
A2IG075A0I3O73:3P1L2B7AD29SUOL31DFDLL7WVRNOLQ,focus,9,on,1485293438660
A2IP3ZAFYGV8M9:3HVVDCPGTFCS7FXAG9Q293FF3E8YTE,initialized,0,,1485293184450
A2IP3ZAFYGV8M9:3HVVDCPGTFCS7FXAG9Q293FF3E8YTE,window_resize,0,"[1020, 674]",1485293184450
A2IP3ZAFYGV8M9:3HVVDCPGTFCS7FXAG9Q293FF3E8YTE,focus,687,on,1485293185137
A2IP3ZAFYGV8M9:3HVVDCPGTFCS7FXAG9Q293FF3E8YTE,focus,448238,off,1485293633375
A2IP3ZAFYGV8M9:3HVVDCPGTFCS7FXAG9Q293FF3E8YTE,focus,2177,on,1485293635552
A2IP3ZAFYGV8M9:3HVVDCPGTFCS7FXAG9Q293FF3E8YTE,focus,507,off,1485293636059
A2IP3ZAFYGV8M9:3HVVDCPGTFCS7FXAG9Q293FF3E8YTE,focus,752,on,1485293636811
A2IP3ZAFYGV8M9:3HVVDCPGTFCS7FXAG9Q293FF3E8YTE,focus,4704,off,1485293641515
A2IP3ZAFYGV8M9:3HVVDCPGTFCS7FXAG9Q293FF3E8YTE,focus,958,on,1485293642473
A2IP3ZAFYGV8M9:3HVVDCPGTFCS7FXAG9Q293FF3E8YTE,window_resize,3758,"[1227, 742]",1485293646231
A2KPT0PEUEXCC4:3RSDURM96B6QIWFDQE17AHFEZFGEYK,initialized,0,,1484773924679
A2KPT0PEUEXCC4:3RSDURM96B6QIWFDQE17AHFEZFGEYK,window_resize,0,"[1020, 675]",1484773924679
A2KPT0PEUEXCC4:3RSDURM96B6QIWFDQE17AHFEZFGEYK,focus,666,on,1484773925345
A2KPT0PEUEXCC4:3RSDURM96B6QIWFDQE17AHFEZFGEYK,focus,4796,on,1484773930141
A2KPT0PEUEXCC4:3RSDURM96B6QIWFDQE17AHFEZFGEYK,focus,20154,off,1484773950295
A2KPT0PEUEXCC4:3RSDURM96B6QIWFDQE17AHFEZFGEYK,window_resize,200,"[1188, 731]",1484773950495
A2KPT0PEUEXCC4:3RSDURM96B6QIWFDQE17AHFEZFGEYK,focus,63431,off,1484774013926
A2KPT0PEUEXCC4:3RSDURM96B6QIWFDQE17AHFEZFGEYK,focus,2363,on,1484774016289
A2KPT0PEUEXCC4:3RSDURM96B6QIWFDQE17AHFEZFGEYK,focus,17394,off,1484774033683
A2KPT0PEUEXCC4:3RSDURM96B6QIWFDQE17AHFEZFGEYK,focus,5746,on,1484774039429
A2KPT0PEUEXCC4:3RSDURM96B6QIWFDQE17AHFEZFGEYK,window_resize,9475,"[1188, 779]",1484774048904
A2KPT0PEUEXCC4:3RSDURM96B6QIWFDQE17AHFEZFGEYK,window_resize,324,"[1188, 763]",1484774049228
A2KPT0PEUEXCC4:3RSDURM96B6QIWFDQE17AHFEZFGEYK,window_resize,1016,"[1188, 691]",1484774050244
A2KPT0PEUEXCC4:3RSDURM96B6QIWFDQE17AHFEZFGEYK,window_resize,798,"[1188, 767]",1484774051042
A2KPT0PEUEXCC4:3RSDURM96B6QIWFDQE17AHFEZFGEYK,window_resize,1630,"[1188, 797]",1484774052672
A2M4GONJ5V2I99:3VNL7UK1XG3M7OGFBJYEKI8ZX3ITFC,initialized,0,,1485293254583
A2M4GONJ5V2I99:3VNL7UK1XG3M7OGFBJYEKI8ZX3ITFC,window_resize,0,"[1020, 675]",1485293254583
A2MCG5W6LHSRG9:3LJ7UR74RIXEEVE6U6GJKF5GI69N4O,initialized,0,,1484764509805
A2MCG5W6LHSRG9:3LJ7UR74RIXEEVE6U6GJKF5GI69N4O,window_resize,1,"[1122, 743]",1484764509806
A2MCG5W6LHSRG9:3LJ7UR74RIXEEVE6U6GJKF5GI69N4O,focus,608,on,1484764510414
A2MD4K1YFYBLZN:3QJOXOW4XKBQOFQZ7BDWGMS7RU7MEM,initialized,0,,1485296796485
A2MD4K1YFYBLZN:3QJOXOW4XKBQOFQZ7BDWGMS7RU7MEM,window_resize,0,"[1224, 660]",1485296796485
A2MD4K1YFYBLZN:3QJOXOW4XKBQOFQZ7BDWGMS7RU7MEM,focus,627,on,1485296797112
A2NA2OJT15COZY:3QJOXOW4XKBQOFQZ7BDWGMS7RU7MEM,initialized,0,,1485293313513
A2NA2OJT15COZY:3QJOXOW4XKBQOFQZ7BDWGMS7RU7MEM,window_resize,0,"[1517, 735]",1485293313513
A2NA2OJT15COZY:3QJOXOW4XKBQOFQZ7BDWGMS7RU7MEM,focus,22173,off,1485293335686
A2NA2OJT15COZY:3QJOXOW4XKBQOFQZ7BDWGMS7RU7MEM,focus,0,on,1485293335686
A2NA2OJT15COZY:3QJOXOW4XKBQOFQZ7BDWGMS7RU7MEM,focus,9,off,1485293335695
A2NA2OJT15COZY:3QJOXOW4XKBQOFQZ7BDWGMS7RU7MEM,focus,16871,on,1485293352566
A2NA2OJT15COZY:3QJOXOW4XKBQOFQZ7BDWGMS7RU7MEM,focus,512,off,1485293353078
A2NA2OJT15COZY:3QJOXOW4XKBQOFQZ7BDWGMS7RU7MEM,focus,1989,on,1485293355067
A2NA2OJT15COZY:3QJOXOW4XKBQOFQZ7BDWGMS7RU7MEM,focus,1600,off,1485293356667
A2NA2OJT15COZY:3QJOXOW4XKBQOFQZ7BDWGMS7RU7MEM,focus,4246,on,1485293360913
A2NA2OJT15COZY:3QJOXOW4XKBQOFQZ7BDWGMS7RU7MEM,focus,181765,off,1485293542678
A2NA2OJT15COZY:3QJOXOW4XKBQOFQZ7BDWGMS7RU7MEM,focus,2140,on,1485293544818
A2NA2OJT15COZY:3QJOXOW4XKBQOFQZ7BDWGMS7RU7MEM,focus,26028,off,1485293570846
A2NA2OJT15COZY:3QJOXOW4XKBQOFQZ7BDWGMS7RU7MEM,focus,1190055,on,1485294760901
A2NA2OJT15COZY:3QJOXOW4XKBQOFQZ7BDWGMS7RU7MEM,focus,8599,off,1485294769500
A2NA2OJT15COZY:3QJOXOW4XKBQOFQZ7BDWGMS7RU7MEM,focus,13,on,1485294769513
A2OXXHGAM7B0Y:3U5NZHP4LSM8TSEEPSDUITJFNQWHP0,initialized,0,,1484766390508
A2OXXHGAM7B0Y:3U5NZHP4LSM8TSEEPSDUITJFNQWHP0,window_resize,0,"[1024, 686]",1484766390508
A2OXXHGAM7B0Y:3U5NZHP4LSM8TSEEPSDUITJFNQWHP0,focus,28237,off,1484766418745
A2OXXHGAM7B0Y:3U5NZHP4LSM8TSEEPSDUITJFNQWHP0,focus,8568,on,1484766427313
A2OXXHGAM7B0Y:3U5NZHP4LSM8TSEEPSDUITJFNQWHP0,focus,72203,off,1484766499516
A2OXXHGAM7B0Y:3U5NZHP4LSM8TSEEPSDUITJFNQWHP0,focus,45976,on,1484766545492
A2RGVPOAYEEC7K:3W8CV64QJ3JN15Y783HXW3J0IMNH9E,initialized,0,,1484769883992
A2RGVPOAYEEC7K:3W8CV64QJ3JN15Y783HXW3J0IMNH9E,window_resize,0,"[1020, 675]",1484769883992
A2RGVPOAYEEC7K:3W8CV64QJ3JN15Y783HXW3J0IMNH9E,focus,20959,off,1484769904951
A2RGVPOAYEEC7K:3W8CV64QJ3JN15Y783HXW3J0IMNH9E,focus,0,on,1484769904951
A2RGVPOAYEEC7K:3W8CV64QJ3JN15Y783HXW3J0IMNH9E,window_resize,252,"[1020, 654]",1484769905203
A2RGVPOAYEEC7K:3W8CV64QJ3JN15Y783HXW3J0IMNH9E,focus,10709,off,1484769915912
A2RGVPOAYEEC7K:3W8CV64QJ3JN15Y783HXW3J0IMNH9E,focus,4416,on,1484769920328
A2RGVPOAYEEC7K:3W8CV64QJ3JN15Y783HXW3J0IMNH9E,window_resize,7936,"[1618, 893]",1484769928264
A2RGVPOAYEEC7K:3W8CV64QJ3JN15Y783HXW3J0IMNH9E,focus,434360,off,1484770362624
A2RGVPOAYEEC7K:3W8CV64QJ3JN15Y783HXW3J0IMNH9E,focus,8320,on,1484770370944
A2S75O867RJG0I:3JMSRU9HQJE9E2K8L3EN3IBKILMVEB,initialized,0,,1485282989967
A2S75O867RJG0I:3JMSRU9HQJE9E2K8L3EN3IBKILMVEB,window_resize,0,"[1020, 675]",1485282989967
A2S75O867RJG0I:3JMSRU9HQJE9E2K8L3EN3IBKILMVEB,focus,55675,off,1485283045642
A2S75O867RJG0I:3JMSRU9HQJE9E2K8L3EN3IBKILMVEB,focus,2184,on,1485283047826
A2S75O867RJG0I:3JMSRU9HQJE9E2K8L3EN3IBKILMVEB,window_resize,13665,"[1366, 677]",1485283061491
A2SJC9VRBGNC58:3OSWBBLG1FHWQLB3PN4LLLQKX17XDY,initialized,0,,1484841720446
A2SJC9VRBGNC58:3OSWBBLG1FHWQLB3PN4LLLQKX17XDY,window_resize,0,"[1920, 989]",1484841720446
A2SJC9VRBGNC58:3OSWBBLG1FHWQLB3PN4LLLQKX17XDY,focus,12620,off,1484841733066
A2SJC9VRBGNC58:3OSWBBLG1FHWQLB3PN4LLLQKX17XDY,focus,7369,on,1484841740435
A2TH9DIRISH8FE:3GM6G9ZBKOHSDY8WX62RF8S8U4UTMJ,initialized,0,,1485294155429
A2TH9DIRISH8FE:3GM6G9ZBKOHSDY8WX62RF8S8U4UTMJ,window_resize,0,"[1020, 675]",1485294155429
A2TH9DIRISH8FE:3GM6G9ZBKOHSDY8WX62RF8S8U4UTMJ,focus,15139,off,1485294170568
A2TH9DIRISH8FE:3GM6G9ZBKOHSDY8WX62RF8S8U4UTMJ,focus,3723,on,1485294174291
A2TH9DIRISH8FE:3GM6G9ZBKOHSDY8WX62RF8S8U4UTMJ,focus,42313,off,1485294216604
A2TH9DIRISH8FE:3GM6G9ZBKOHSDY8WX62RF8S8U4UTMJ,focus,44728,on,1485294261332
A2UFYUQUSFYC2K:3I33IC7ZWGMXRY5UHOSQ5UOIZLNA24,initialized,0,,1484769995181
A2UFYUQUSFYC2K:3I33IC7ZWGMXRY5UHOSQ5UOIZLNA24,window_resize,0,"[1020, 675]",1484769995181
A2UFYUQUSFYC2K:3I33IC7ZWGMXRY5UHOSQ5UOIZLNA24,focus,536,on,1484769995717
A2UFYUQUSFYC2K:3I33IC7ZWGMXRY5UHOSQ5UOIZLNA24,focus,17038,off,1484770012755
A2UFYUQUSFYC2K:3I33IC7ZWGMXRY5UHOSQ5UOIZLNA24,focus,5201,on,1484770017956
A2UFYUQUSFYC2K:3I33IC7ZWGMXRY5UHOSQ5UOIZLNA24,focus,317300,off,1484770335256
A2UFYUQUSFYC2K:3I33IC7ZWGMXRY5UHOSQ5UOIZLNA24,focus,177736,on,1484770512992
A2UHF7UL7G0Y78:3AMW0RGHOEM03O0PSQ87NDGB96CNPU,initialized,0,,1484849535024
A2UHF7UL7G0Y78:3AMW0RGHOEM03O0PSQ87NDGB96CNPU,window_resize,0,"[1020, 675]",1484849535024
A2UHF7UL7G0Y78:3AMW0RGHOEM03O0PSQ87NDGB96CNPU,focus,32960,off,1484849567984
A2UHF7UL7G0Y78:3AMW0RGHOEM03O0PSQ87NDGB96CNPU,focus,845769,on,1484850413753
A2UHF7UL7G0Y78:3AMW0RGHOEM03O0PSQ87NDGB96CNPU,focus,2807,off,1484850416560
A2UHF7UL7G0Y78:3AMW0RGHOEM03O0PSQ87NDGB96CNPU,focus,12218,on,1484850428778
A2UHF7UL7G0Y78:3AMW0RGHOEM03O0PSQ87NDGB96CNPU,focus,233422,off,1484850662200
A2UHF7UL7G0Y78:3AMW0RGHOEM03O0PSQ87NDGB96CNPU,focus,33835,on,1484850696035
A2V9QJ90P9WHXW:3JMSRU9HQJE9E2K8L3EN3IBKILMVEB,initialized,0,,1485280330322
A2V9QJ90P9WHXW:3JMSRU9HQJE9E2K8L3EN3IBKILMVEB,window_resize,1,"[1020, 639]",1485280330323
A2V9QJ90P9WHXW:3JMSRU9HQJE9E2K8L3EN3IBKILMVEB,focus,83717,off,1485280414040
A2V9QJ90P9WHXW:3JMSRU9HQJE9E2K8L3EN3IBKILMVEB,focus,118,on,1485280414158
A2V9QJ90P9WHXW:3JMSRU9HQJE9E2K8L3EN3IBKILMVEB,focus,16243,off,1485280430401
A2V9QJ90P9WHXW:3JMSRU9HQJE9E2K8L3EN3IBKILMVEB,focus,16708,on,1485280447109
A2V9QJ90P9WHXW:3JMSRU9HQJE9E2K8L3EN3IBKILMVEB,focus,400906,off,1485280848015
A2V9QJ90P9WHXW:3JMSRU9HQJE9E2K8L3EN3IBKILMVEB,focus,56446,on,1485280904461
A2V9QJ90P9WHXW:3JMSRU9HQJE9E2K8L3EN3IBKILMVEB,focus,4266,off,1485280908727
A2V9QJ90P9WHXW:3JMSRU9HQJE9E2K8L3EN3IBKILMVEB,focus,3493,on,1485280912220
A2V9QJ90P9WHXW:3JMSRU9HQJE9E2K8L3EN3IBKILMVEB,window_resize,25789,"[1319, 711]",1485280938009
A2V9QJ90P9WHXW:3JMSRU9HQJE9E2K8L3EN3IBKILMVEB,focus,757739,off,1485281695748
A2V9QJ90P9WHXW:3JMSRU9HQJE9E2K8L3EN3IBKILMVEB,focus,3416,on,1485281699164
A2V9QJ90P9WHXW:3JMSRU9HQJE9E2K8L3EN3IBKILMVEB,focus,718863,off,1485282418027
A2V9QJ90P9WHXW:3JMSRU9HQJE9E2K8L3EN3IBKILMVEB,focus,1267,on,1485282419294
A2V9QJ90P9WHXW:3JMSRU9HQJE9E2K8L3EN3IBKILMVEB,window_resize,163126,"[1020, 639]",1485282582420
A2V9QJ90P9WHXW:3JMSRU9HQJE9E2K8L3EN3IBKILMVEB,focus,186336,off,1485282768756
A2V9QJ90P9WHXW:3JMSRU9HQJE9E2K8L3EN3IBKILMVEB,focus,1814,on,1485282770570
A2V9QJ90P9WHXW:3JMSRU9HQJE9E2K8L3EN3IBKILMVEB,focus,919032,off,1485283689602
A2V9QJ90P9WHXW:3JMSRU9HQJE9E2K8L3EN3IBKILMVEB,focus,21533,on,1485283711135
A2V9QJ90P9WHXW:3JMSRU9HQJE9E2K8L3EN3IBKILMVEB,focus,129714,off,1485283840849
A2V9QJ90P9WHXW:3JMSRU9HQJE9E2K8L3EN3IBKILMVEB,focus,11226,on,1485283852075
A2V9QJ90P9WHXW:3JMSRU9HQJE9E2K8L3EN3IBKILMVEB,focus,191655,off,1485284043730
A2V9QJ90P9WHXW:3JMSRU9HQJE9E2K8L3EN3IBKILMVEB,focus,7170,on,1485284050900
A2V9QJ90P9WHXW:3JMSRU9HQJE9E2K8L3EN3IBKILMVEB,focus,123505,off,1485284174405
A2V9QJ90P9WHXW:3JMSRU9HQJE9E2K8L3EN3IBKILMVEB,focus,2460,on,1485284176865
A2V9QJ90P9WHXW:3JMSRU9HQJE9E2K8L3EN3IBKILMVEB,window_resize,68642,"[1319, 711]",1485284245507
A2V9QJ90P9WHXW:3JMSRU9HQJE9E2K8L3EN3IBKILMVEB,focus,23633,off,1485284269140
A2V9QJ90P9WHXW:3JMSRU9HQJE9E2K8L3EN3IBKILMVEB,focus,19008,on,1485284288148
A2V9QJ90P9WHXW:3JMSRU9HQJE9E2K8L3EN3IBKILMVEB,window_resize,7862,"[1020, 639]",1485284296010
A2V9QJ90P9WHXW:3JMSRU9HQJE9E2K8L3EN3IBKILMVEB,window_resize,12203,"[1020, 639]",1485284308213
A2V9QJ90P9WHXW:3JMSRU9HQJE9E2K8L3EN3IBKILMVEB,window_resize,652,"[1319, 711]",1485284308865
A2WGW5Y3ZFBDEC:3MH9DQ757XW7L1RZM8U67ZUDG8TGUG,initialized,0,,1484789713742
A2WGW5Y3ZFBDEC:3MH9DQ757XW7L1RZM8U67ZUDG8TGUG,window_resize,0,"[1094, 538]",1484789713742
A2WGW5Y3ZFBDEC:3MH9DQ757XW7L1RZM8U67ZUDG8TGUG,focus,520318,off,1484790234060
A2WGW5Y3ZFBDEC:3MH9DQ757XW7L1RZM8U67ZUDG8TGUG,focus,8298,on,1484790242358
A2WH3GIS2KF8LU:3COPXFW7XCWZVIFMVDGRVLZ7GUHKPZ,initialized,0,,1485284109093
A2WH3GIS2KF8LU:3COPXFW7XCWZVIFMVDGRVLZ7GUHKPZ,window_resize,0,"[1020, 596]",1485284109093
A2WH3GIS2KF8LU:3COPXFW7XCWZVIFMVDGRVLZ7GUHKPZ,focus,405,on,1485284109498
A2WH3GIS2KF8LU:3COPXFW7XCWZVIFMVDGRVLZ7GUHKPZ,focus,22899,off,1485284132397
A2WH3GIS2KF8LU:3COPXFW7XCWZVIFMVDGRVLZ7GUHKPZ,window_resize,201,"[1406, 951]",1485284132598
A2WH3GIS2KF8LU:3COPXFW7XCWZVIFMVDGRVLZ7GUHKPZ,focus,55978,on,1485284188576
A2WRK1AU4QI81P:3DYGAII7PMSL6LDH8I0OR7BGEHZPQJ,initialized,0,,1484850559237
A2WRK1AU4QI81P:3DYGAII7PMSL6LDH8I0OR7BGEHZPQJ,window_resize,0,"[1020, 675]",1484850559237
A2WRK1AU4QI81P:3DYGAII7PMSL6LDH8I0OR7BGEHZPQJ,focus,415778,off,1484850975015
A2WRK1AU4QI81P:3DYGAII7PMSL6LDH8I0OR7BGEHZPQJ,focus,3041,on,1484850978056
A2WRK1AU4QI81P:3DYGAII7PMSL6LDH8I0OR7BGEHZPQJ,window_resize,4445,"[1366, 677]",1484850982501
A2XCSFZKU13WMY:3MMN5BL1W0ONEHA2IRW0XVOA03KM3U,initialized,0,,1485279227080
A2XCSFZKU13WMY:3MMN5BL1W0ONEHA2IRW0XVOA03KM3U,window_resize,0,"[1020, 675]",1485279227080
A2XCSFZKU13WMY:3MMN5BL1W0ONEHA2IRW0XVOA03KM3U,focus,59057,off,1485279286137
A2XCSFZKU13WMY:3MMN5BL1W0ONEHA2IRW0XVOA03KM3U,focus,34,on,1485279286171
A2XCSFZKU13WMY:3MMN5BL1W0ONEHA2IRW0XVOA03KM3U,focus,8,off,1485279286179
A2XCSFZKU13WMY:3MMN5BL1W0ONEHA2IRW0XVOA03KM3U,focus,60930,on,1485279347109
A2XCSFZKU13WMY:3MMN5BL1W0ONEHA2IRW0XVOA03KM3U,window_resize,227,"[1366, 717]",1485279347336
A2YCMT5BPA0AG9:3570Y55XZQ3O2AB4W9RVAK0QCW4GYE,initialized,0,,1484788303251
A2YCMT5BPA0AG9:3570Y55XZQ3O2AB4W9RVAK0QCW4GYE,window_resize,0,"[1020, 675]",1484788303251
A2YKW761AK4ZGY:3MH9DQ757XW7L1RZM8U67ZUDHUSGUO,initialized,0,,1485280248582
A2YKW761AK4ZGY:3MH9DQ757XW7L1RZM8U67ZUDHUSGUO,window_resize,0,"[1028, 664]",1485280248582
A2YKW761AK4ZGY:3MH9DQ757XW7L1RZM8U67ZUDHUSGUO,focus,90584,off,1485280339166
A2YKW761AK4ZGY:3MH9DQ757XW7L1RZM8U67ZUDHUSGUO,focus,30913,on,1485280370079
A2YKW761AK4ZGY:3MH9DQ757XW7L1RZM8U67ZUDHUSGUO,window_resize,10377,"[1280, 630]",1485280380456
A2YKW761AK4ZGY:3MH9DQ757XW7L1RZM8U67ZUDHUSGUO,focus,60454,off,1485280440910
A2YKW761AK4ZGY:3MH9DQ757XW7L1RZM8U67ZUDHUSGUO,focus,4482,on,1485280445392
A2Z70GL7HTFFQR:3Z9WI9EOZ087I1HYC08MMCXGU37KHU,initialized,0,,1485280066465
A2Z70GL7HTFFQR:3Z9WI9EOZ087I1HYC08MMCXGU37KHU,window_resize,0,"[1020, 675]",1485280066465
A2Z70GL7HTFFQR:3Z9WI9EOZ087I1HYC08MMCXGU37KHU,focus,59686,off,1485280126151
A2Z70GL7HTFFQR:3Z9WI9EOZ087I1HYC08MMCXGU37KHU,focus,1,on,1485280126152
A2Z70GL7HTFFQR:3Z9WI9EOZ087I1HYC08MMCXGU37KHU,focus,86583,off,1485280212735
A2Z70GL7HTFFQR:3Z9WI9EOZ087I1HYC08MMCXGU37KHU,focus,3020,on,1485280215755
A2Z70GL7HTFFQR:3Z9WI9EOZ087I1HYC08MMCXGU37KHU,focus,96045,off,1485280311800
A2Z70GL7HTFFQR:3Z9WI9EOZ087I1HYC08MMCXGU37KHU,focus,6538,on,1485280318338
A2Z70GL7HTFFQR:3Z9WI9EOZ087I1HYC08MMCXGU37KHU,focus,175138,off,1485280493476
A2Z70GL7HTFFQR:3Z9WI9EOZ087I1HYC08MMCXGU37KHU,focus,1819,on,1485280495295
A2Z70GL7HTFFQR:3Z9WI9EOZ087I1HYC08MMCXGU37KHU,focus,79152,off,1485280574447
A2Z70GL7HTFFQR:3Z9WI9EOZ087I1HYC08MMCXGU37KHU,focus,1774,on,1485280576221
A2ZMNDUEA9KNKA:3TXMY6UCAF82CW4D3DEI77C9GHUQCJ,initialized,0,,1485279396222
A2ZMNDUEA9KNKA:3TXMY6UCAF82CW4D3DEI77C9GHUQCJ,window_resize,0,"[1366, 678]",1485279396222
A2ZMNDUEA9KNKA:3TXMY6UCAF82CW4D3DEI77C9GHUQCJ,focus,44982,on,1485279441204
A2ZMNDUEA9KNKA:3TXMY6UCAF82CW4D3DEI77C9GHUQCJ,focus,2,off,1485279441206
A2ZMNDUEA9KNKA:3TXMY6UCAF82CW4D3DEI77C9GHUQCJ,focus,8756,on,1485279449962
A30RAYNDOWQ61S:3HVVDCPGTFCS7FXAG9Q293FF3E8YTE,initialized,0,,1485294704439
A30RAYNDOWQ61S:3HVVDCPGTFCS7FXAG9Q293FF3E8YTE,window_resize,0,"[1138, 760]",1485294704439
A318M33K2896OL:3VA45EW49O7F4HHZ83XU16YIXLJ1OY,initialized,0,,1485295195499
A318M33K2896OL:3VA45EW49O7F4HHZ83XU16YIXLJ1OY,window_resize,0,"[1020, 675]",1485295195499
A323RBOHUTRW53:3I2PTA7R3UEKVUG1VQVGVQPHLQ3KQQ,initialized,0,,1485280037587
A323RBOHUTRW53:3I2PTA7R3UEKVUG1VQVGVQPHLQ3KQQ,window_resize,1,"[1020, 675]",1485280037588
A323RBOHUTRW53:3I2PTA7R3UEKVUG1VQVGVQPHLQ3KQQ,focus,28989,off,1485280066577
A323RBOHUTRW53:3I2PTA7R3UEKVUG1VQVGVQPHLQ3KQQ,focus,78,on,1485280066655
A323RBOHUTRW53:3I2PTA7R3UEKVUG1VQVGVQPHLQ3KQQ,focus,125043,off,1485280191698
A323RBOHUTRW53:3I2PTA7R3UEKVUG1VQVGVQPHLQ3KQQ,focus,27396,on,1485280219094
A323RBOHUTRW53:3I2PTA7R3UEKVUG1VQVGVQPHLQ3KQQ,focus,55985,off,1485280275079
A323RBOHUTRW53:3I2PTA7R3UEKVUG1VQVGVQPHLQ3KQQ,focus,43144,on,1485280318223
A32QJF67JMJFKX:31LM9EDVOMC4HDXRXD3NQHUZ1QGJN3,initialized,0,,1485280231102
A32QJF67JMJFKX:31LM9EDVOMC4HDXRXD3NQHUZ1QGJN3,window_resize,0,"[1020, 675]",1485280231102
A32UE0WDFAUWBE:3N4BPTXIO9CCNNNICZFL5RM6OB9UK5,initialized,0,,1485281172987
A32UE0WDFAUWBE:3N4BPTXIO9CCNNNICZFL5RM6OB9UK5,window_resize,0,"[1056, 1034]",1485281172987
A32UE0WDFAUWBE:3N4BPTXIO9CCNNNICZFL5RM6OB9UK5,focus,24883,off,1485281197870
A32UE0WDFAUWBE:3N4BPTXIO9CCNNNICZFL5RM6OB9UK5,focus,5,on,1485281197875
A32UE0WDFAUWBE:3N4BPTXIO9CCNNNICZFL5RM6OB9UK5,window_resize,28,"[1056, 1034]",1485281197903
A32UE0WDFAUWBE:3N4BPTXIO9CCNNNICZFL5RM6OB9UK5,window_resize,203,"[1056, 792]",1485281198106
A32UE0WDFAUWBE:3N4BPTXIO9CCNNNICZFL5RM6OB9UK5,focus,9601,off,1485281207707
A32UE0WDFAUWBE:3N4BPTXIO9CCNNNICZFL5RM6OB9UK5,focus,221503,on,1485281429210
A34SCRE20A7XV5:386CSBG1O06DWFVCTM1FL7KZKXH6Q9,initialized,0,,1485297851388
A34SCRE20A7XV5:386CSBG1O06DWFVCTM1FL7KZKXH6Q9,window_resize,0,"[1020, 675]",1485297851388
A34SCRE20A7XV5:386CSBG1O06DWFVCTM1FL7KZKXH6Q9,focus,36981,off,1485297888369
A34SCRE20A7XV5:386CSBG1O06DWFVCTM1FL7KZKXH6Q9,focus,4,on,1485297888373
A353I1D9GT7GNC:3WI0P0II62CCTPPRGOYTW34WX55RDM,initialized,0,,1485297052228
A353I1D9GT7GNC:3WI0P0II62CCTPPRGOYTW34WX55RDM,window_resize,0,"[1020, 675]",1485297052228
A353I1D9GT7GNC:3WI0P0II62CCTPPRGOYTW34WX55RDM,window_resize,21500,"[1364, 677]",1485297073728
A36J59FFWYQ6AK:30X31N5D64AQWXMSB37WWC1MXJKSAV,initialized,0,,1484849323534
A36J59FFWYQ6AK:30X31N5D64AQWXMSB37WWC1MXJKSAV,window_resize,0,"[1024, 686]",1484849323534
A36J59FFWYQ6AK:30X31N5D64AQWXMSB37WWC1MXJKSAV,focus,44591,off,1484849368125
A36J59FFWYQ6AK:30X31N5D64AQWXMSB37WWC1MXJKSAV,focus,0,on,1484849368125
A36J59FFWYQ6AK:30X31N5D64AQWXMSB37WWC1MXJKSAV,focus,0,off,1484849368125
A36J59FFWYQ6AK:30X31N5D64AQWXMSB37WWC1MXJKSAV,focus,43779,on,1484849411904
A36LOA6VLJU157:33SA9F9TRYEMTRKDBDJJPKUYPWLWEN,initialized,0,,1485293504776
A36LOA6VLJU157:33SA9F9TRYEMTRKDBDJJPKUYPWLWEN,window_resize,0,"[1020, 675]",1485293504776
A36TE52PSYAAD6:3BEFOD78W7D8WDT6I51J70GGE3GM4F,initialized,0,,1485279899149
A36TE52PSYAAD6:3BEFOD78W7D8WDT6I51J70GGE3GM4F,window_resize,0,"[1020, 675]",1485279899149
A36TE52PSYAAD6:3BEFOD78W7D8WDT6I51J70GGE3GM4F,focus,72094,off,1485279971243
A36TE52PSYAAD6:3BEFOD78W7D8WDT6I51J70GGE3GM4F,focus,2286,on,1485279973529
A38VMTKS30TQZB:3GNCZX450J7TJ560JM3217WBBINPAP,initialized,0,,1485279718750
A38VMTKS30TQZB:3GNCZX450J7TJ560JM3217WBBINPAP,window_resize,0,"[1020, 675]",1485279718750
A38VMTKS30TQZB:3GNCZX450J7TJ560JM3217WBBINPAP,focus,21085,off,1485279739835
A38VMTKS30TQZB:3GNCZX450J7TJ560JM3217WBBINPAP,focus,810994,on,1485280550829
A3AO2N7BNFDGF3:38F71OA9GUGIUTQV2MX2Y4D73VMMF4,initialized,0,,1485293244375
A3AO2N7BNFDGF3:38F71OA9GUGIUTQV2MX2Y4D73VMMF4,window_resize,0,"[1154, 800]",1485293244375
A3AO2N7BNFDGF3:38F71OA9GUGIUTQV2MX2Y4D73VMMF4,focus,25333,off,1485293269708
A3AO2N7BNFDGF3:38F71OA9GUGIUTQV2MX2Y4D73VMMF4,window_resize,88,"[1154, 800]",1485293269796
A3AO2N7BNFDGF3:38F71OA9GUGIUTQV2MX2Y4D73VMMF4,window_resize,206,"[1033, 800]",1485293270002
A3AO2N7BNFDGF3:38F71OA9GUGIUTQV2MX2Y4D73VMMF4,focus,99089,on,1485293369091
A3AO2N7BNFDGF3:38F71OA9GUGIUTQV2MX2Y4D73VMMF4,focus,88681,off,1485293457772
A3AO2N7BNFDGF3:38F71OA9GUGIUTQV2MX2Y4D73VMMF4,focus,46112,on,1485293503884
A3AO2N7BNFDGF3:38F71OA9GUGIUTQV2MX2Y4D73VMMF4,focus,4057,off,1485293507941
A3AO2N7BNFDGF3:38F71OA9GUGIUTQV2MX2Y4D73VMMF4,focus,6329,on,1485293514270
A3AO2N7BNFDGF3:38F71OA9GUGIUTQV2MX2Y4D73VMMF4,focus,233261,off,1485293747531
A3AO2N7BNFDGF3:38F71OA9GUGIUTQV2MX2Y4D73VMMF4,focus,16329,on,1485293763860
A3BFMY5OX2WMUW:3YW4XOSQKR5AHM1W4P930CQ7F5A1UA,initialized,0,,1485282602843
A3BFMY5OX2WMUW:3YW4XOSQKR5AHM1W4P930CQ7F5A1UA,window_resize,0,"[1020, 675]",1485282602843
A3BFMY5OX2WMUW:3YW4XOSQKR5AHM1W4P930CQ7F5A1UA,window_resize,22262,"[1366, 677]",1485282625105
A3BFMY5OX2WMUW:3YW4XOSQKR5AHM1W4P930CQ7F5A1UA,focus,214114,off,1485282839219
A3BFMY5OX2WMUW:3YW4XOSQKR5AHM1W4P930CQ7F5A1UA,focus,1453,on,1485282840672
A3BFMY5OX2WMUW:3YW4XOSQKR5AHM1W4P930CQ7F5A1UA,focus,63178,off,1485282903850
A3BFMY5OX2WMUW:3YW4XOSQKR5AHM1W4P930CQ7F5A1UA,focus,4343,on,1485282908193
A3CSIM8V9IYXM7:34MAJL3QP577ARLWCNW4B17AEEX43J,initialized,0,,1485296665873
A3CSIM8V9IYXM7:34MAJL3QP577ARLWCNW4B17AEEX43J,window_resize,0,"[1304, 703]",1485296665873
A3CSIM8V9IYXM7:34MAJL3QP577ARLWCNW4B17AEEX43J,focus,7882,on,1485296673755
A3CSIM8V9IYXM7:34MAJL3QP577ARLWCNW4B17AEEX43J,focus,36798,off,1485296710553
A3CSIM8V9IYXM7:34MAJL3QP577ARLWCNW4B17AEEX43J,focus,197303,off,1485296907856
A3CSIM8V9IYXM7:34MAJL3QP577ARLWCNW4B17AEEX43J,focus,75633,on,1485296983489
A3CSIM8V9IYXM7:34MAJL3QP577ARLWCNW4B17AEEX43J,focus,65467,off,1485297048956
A3CSIM8V9IYXM7:34MAJL3QP577ARLWCNW4B17AEEX43J,focus,4751,on,1485297053707
A3F0M2W5XC5S62:3K772S5NP9V4W1POGEXJOHKB9J3HEO,initialized,0,,1484772173981
A3F0M2W5XC5S62:3K772S5NP9V4W1POGEXJOHKB9J3HEO,window_resize,0,"[874, 826]",1484772173981
A3F0M2W5XC5S62:3K772S5NP9V4W1POGEXJOHKB9J3HEO,focus,9176,off,1484772183157
A3F0M2W5XC5S62:3K772S5NP9V4W1POGEXJOHKB9J3HEO,focus,48373,on,1484772231530
A3FCZNB9E8K3CX:30H4UDGLT32UL6FPGPT7AYRB4C4PMQ,initialized,0,,1484770726672
A3FCZNB9E8K3CX:30H4UDGLT32UL6FPGPT7AYRB4C4PMQ,window_resize,0,"[889, 674]",1484770726672
A3FCZNB9E8K3CX:30H4UDGLT32UL6FPGPT7AYRB4C4PMQ,focus,448,on,1484770727120
A3FCZNB9E8K3CX:30H4UDGLT32UL6FPGPT7AYRB4C4PMQ,focus,106169,off,1484770833289
A3FCZNB9E8K3CX:30H4UDGLT32UL6FPGPT7AYRB4C4PMQ,focus,2850,on,1484770836139
A3FCZNB9E8K3CX:30H4UDGLT32UL6FPGPT7AYRB4C4PMQ,focus,485631,off,1484771321770
A3FCZNB9E8K3CX:30H4UDGLT32UL6FPGPT7AYRB4C4PMQ,focus,9249,on,1484771331019
A3FR7HHX2IS2FG:3LWJHTCVCD69F8ONUF4JFDXCC75FQR,initialized,0,,1484766957384
A3FR7HHX2IS2FG:3LWJHTCVCD69F8ONUF4JFDXCC75FQR,window_resize,0,"[1020, 661]",1484766957384
A3FR7HHX2IS2FG:3LWJHTCVCD69F8ONUF4JFDXCC75FQR,focus,603,on,1484766957987
A3FR7HHX2IS2FG:3LWJHTCVCD69F8ONUF4JFDXCC75FQR,focus,107963,off,1484767065950
A3FR7HHX2IS2FG:3LWJHTCVCD69F8ONUF4JFDXCC75FQR,focus,5389,on,1484767071339
A3FR7HHX2IS2FG:3LWJHTCVCD69F8ONUF4JFDXCC75FQR,focus,219886,off,1484767291225
A3FR7HHX2IS2FG:3LWJHTCVCD69F8ONUF4JFDXCC75FQR,focus,12530,on,1484767303755
A3FR7HHX2IS2FG:3LWJHTCVCD69F8ONUF4JFDXCC75FQR,focus,78271,off,1484767382026
A3FR7HHX2IS2FG:3LWJHTCVCD69F8ONUF4JFDXCC75FQR,focus,8466,on,1484767390492
A3GK9LWMSDH4P9:3NXNZ5RS1BHQ8GSVVUVL5QU658X79N,initialized,0,,1485298397995
A3GK9LWMSDH4P9:3NXNZ5RS1BHQ8GSVVUVL5QU658X79N,window_resize,0,"[1020, 675]",1485298397995
A3GK9LWMSDH4P9:3NXNZ5RS1BHQ8GSVVUVL5QU658X79N,focus,27608,off,1485298425603
A3GK9LWMSDH4P9:3NXNZ5RS1BHQ8GSVVUVL5QU658X79N,focus,11478,on,1485298437081
A3GPTSDDHJ2DBV:3B1NLC6UG0GUTWJ35MVCXT7E8QJPG9,initialized,0,,1484767195043
A3GPTSDDHJ2DBV:3B1NLC6UG0GUTWJ35MVCXT7E8QJPG9,window_resize,0,"[1280, 728]",1484767195043
A3GPTSDDHJ2DBV:3B1NLC6UG0GUTWJ35MVCXT7E8QJPG9,focus,26678,off,1484767221721
A3GPTSDDHJ2DBV:3B1NLC6UG0GUTWJ35MVCXT7E8QJPG9,focus,13356,on,1484767235077
A3GPTSDDHJ2DBV:3B1NLC6UG0GUTWJ35MVCXT7E8QJPG9,focus,19325,off,1484767254402
A3GPTSDDHJ2DBV:3B1NLC6UG0GUTWJ35MVCXT7E8QJPG9,focus,1424,on,1484767255826
A3HOBJ4PJUOCUN:3URFVVM16627CIM4C0IVS6AJR10ZU7,initialized,0,,1484843971750
A3HOBJ4PJUOCUN:3URFVVM16627CIM4C0IVS6AJR10ZU7,window_resize,0,"[1020, 675]",1484843971750
A3HOBJ4PJUOCUN:3URFVVM16627CIM4C0IVS6AJR10ZU7,focus,732,on,1484843972482
A3HTLXAPOBCVVO:3TVRFO09GLZFOXZV24294YYP7VSLXS,initialized,0,,1485294214383
A3HTLXAPOBCVVO:3TVRFO09GLZFOXZV24294YYP7VSLXS,window_resize,1,"[1440, 810]",1485294214384
A3IS28VQS5T5DE:3YJ6NA41JC04KY94DSGFU6ZU15HJPZ,initialized,0,,1485284250743
A3IS28VQS5T5DE:3YJ6NA41JC04KY94DSGFU6ZU15HJPZ,window_resize,0,"[1440, 803]",1485284250743
A3IS28VQS5T5DE:3YJ6NA41JC04KY94DSGFU6ZU15HJPZ,focus,146435,on,1485284397178
A3KX8PBHVFQZ3U:3HRMW88U17ARXPB5Z4EHVXQ3XR0M0Z,initialized,0,,1485280311542
A3KX8PBHVFQZ3U:3HRMW88U17ARXPB5Z4EHVXQ3XR0M0Z,window_resize,0,"[2048, 1071]",1485280311542
A3NENUY6H263YT:37U1UTWH9W60CUT0ZGNDABQVME8R8G,initialized,0,,1485293204255
A3NENUY6H263YT:37U1UTWH9W60CUT0ZGNDABQVME8R8G,window_resize,0,"[1020, 675]",1485293204255
A3NSJ6GJC7TZSG:3DL65MZB8EZDFTE8UMJIDQNVWS7ECN,initialized,0,,1484790012189
A3NSJ6GJC7TZSG:3DL65MZB8EZDFTE8UMJIDQNVWS7ECN,window_resize,0,"[1020, 675]",1484790012189
A3NSJ6GJC7TZSG:3DL65MZB8EZDFTE8UMJIDQNVWS7ECN,focus,11468,off,1484790023657
A3NSJ6GJC7TZSG:3DL65MZB8EZDFTE8UMJIDQNVWS7ECN,focus,13966,on,1484790037623
A3P7AXWF57BHNX:3R5F3LQFV34CZD27GE6MT0IUA0VOZ9,initialized,0,,1485293244172
A3P7AXWF57BHNX:3R5F3LQFV34CZD27GE6MT0IUA0VOZ9,window_resize,0,"[1020, 675]",1485293244172
A3P7AXWF57BHNX:3R5F3LQFV34CZD27GE6MT0IUA0VOZ9,focus,30747,off,1485293274919
A3P7AXWF57BHNX:3R5F3LQFV34CZD27GE6MT0IUA0VOZ9,focus,94803,on,1485293369722
A3P7AXWF57BHNX:3R5F3LQFV34CZD27GE6MT0IUA0VOZ9,window_resize,205,"[1366, 677]",1485293369927
A3P7AXWF57BHNX:3R5F3LQFV34CZD27GE6MT0IUA0VOZ9,focus,38778,off,1485293408705
A3P7AXWF57BHNX:3R5F3LQFV34CZD27GE6MT0IUA0VOZ9,focus,35192,on,1485293443897
A3Q92WMGIHEPSD:36DSNE9QZ6IMZYX3YS3056U4R0LJOI,initialized,0,,1485280834185
A3Q92WMGIHEPSD:36DSNE9QZ6IMZYX3YS3056U4R0LJOI,window_resize,0,"[1020, 675]",1485280834185
A3Q92WMGIHEPSD:36DSNE9QZ6IMZYX3YS3056U4R0LJOI,focus,402,off,1485280834587
A3Q92WMGIHEPSD:36DSNE9QZ6IMZYX3YS3056U4R0LJOI,focus,540,on,1485280835127
A3Q92WMGIHEPSD:36DSNE9QZ6IMZYX3YS3056U4R0LJOI,focus,28917,off,1485280864044
A3Q92WMGIHEPSD:36DSNE9QZ6IMZYX3YS3056U4R0LJOI,window_resize,301,"[1855, 1147]",1485280864345
A3Q92WMGIHEPSD:36DSNE9QZ6IMZYX3YS3056U4R0LJOI,window_resize,18616,"[1855, 1119]",1485280882961
A3Q92WMGIHEPSD:36DSNE9QZ6IMZYX3YS3056U4R0LJOI,focus,579,on,1485280883540
A3Q92WMGIHEPSD:36DSNE9QZ6IMZYX3YS3056U4R0LJOI,window_resize,282,"[1855, 1147]",1485280883822
A3Q92WMGIHEPSD:36DSNE9QZ6IMZYX3YS3056U4R0LJOI,focus,37552,off,1485280921374
A3Q92WMGIHEPSD:36DSNE9QZ6IMZYX3YS3056U4R0LJOI,focus,4617,on,1485280925991
A3Q92WMGIHEPSD:36DSNE9QZ6IMZYX3YS3056U4R0LJOI,focus,5051,off,1485280931042
A3Q92WMGIHEPSD:36DSNE9QZ6IMZYX3YS3056U4R0LJOI,focus,841242,on,1485281772284
A3Q92WMGIHEPSD:36DSNE9QZ6IMZYX3YS3056U4R0LJOI,window_resize,310,"[1855, 1147]",1485281772594
A3Q92WMGIHEPSD:36DSNE9QZ6IMZYX3YS3056U4R0LJOI,focus,34201,off,1485281806795
A3Q92WMGIHEPSD:36DSNE9QZ6IMZYX3YS3056U4R0LJOI,focus,448,on,1485281807243
A3R6WYJJHHL1XA:3SB4CE2TJWFYSE8R5DDJVKIECYAXAW,initialized,0,,1484842596803
A3R6WYJJHHL1XA:3SB4CE2TJWFYSE8R5DDJVKIECYAXAW,window_resize,0,"[1020, 675]",1484842596803
A3R6WYJJHHL1XA:3SB4CE2TJWFYSE8R5DDJVKIECYAXAW,focus,611952,off,1484843208755
A3R6WYJJHHL1XA:3SB4CE2TJWFYSE8R5DDJVKIECYAXAW,focus,28757,on,1484843237512
A3S1O6HWXTKOSM:37Z929RLGASVBTL1H3YDRHREMTCTSV,initialized,0,,1485293198263
A3S1O6HWXTKOSM:37Z929RLGASVBTL1H3YDRHREMTCTSV,window_resize,0,"[1440, 740]",1485293198263
A3S1O6HWXTKOSM:37Z929RLGASVBTL1H3YDRHREMTCTSV,focus,29828,off,1485293228091
A3S1O6HWXTKOSM:37Z929RLGASVBTL1H3YDRHREMTCTSV,focus,30,on,1485293228121
A3S1O6HWXTKOSM:37Z929RLGASVBTL1H3YDRHREMTCTSV,focus,3,off,1485293228124
A3S1O6HWXTKOSM:37Z929RLGASVBTL1H3YDRHREMTCTSV,focus,1,on,1485293228125
A3S1O6HWXTKOSM:37Z929RLGASVBTL1H3YDRHREMTCTSV,focus,3,off,1485293228128
A3S1O6HWXTKOSM:37Z929RLGASVBTL1H3YDRHREMTCTSV,focus,3,on,1485293228131
A3S1O6HWXTKOSM:37Z929RLGASVBTL1H3YDRHREMTCTSV,focus,0,off,1485293228131
A3S1O6HWXTKOSM:37Z929RLGASVBTL1H3YDRHREMTCTSV,focus,39939,on,1485293268070
A3S1O6HWXTKOSM:37Z929RLGASVBTL1H3YDRHREMTCTSV,focus,317508,off,1485293585578
A3S1O6HWXTKOSM:37Z929RLGASVBTL1H3YDRHREMTCTSV,focus,499,on,1485293586077
A3S1O6HWXTKOSM:37Z929RLGASVBTL1H3YDRHREMTCTSV,focus,156,off,1485293586233
A3S1O6HWXTKOSM:37Z929RLGASVBTL1H3YDRHREMTCTSV,focus,3393,on,1485293589626
A3SDFAOJW87FGP:33FBRBDW6PJW6S4HHJXILGR9MB8C8U,initialized,0,,1485281049116
A3SDFAOJW87FGP:33FBRBDW6PJW6S4HHJXILGR9MB8C8U,window_resize,0,"[1366, 678]",1485281049116
A3SDFAOJW87FGP:33FBRBDW6PJW6S4HHJXILGR9MB8C8U,focus,655829,off,1485281704945
A3SDFAOJW87FGP:33FBRBDW6PJW6S4HHJXILGR9MB8C8U,focus,34405,on,1485281739350
A3T8J0PN3DLSTM:3NVC2EB65RJN8YZG1UKBRQBH9FW3Y3,initialized,0,,1485295203134
A3T8J0PN3DLSTM:3NVC2EB65RJN8YZG1UKBRQBH9FW3Y3,window_resize,0,"[1020, 675]",1485295203134
A3TAJQPYQE1GU4:3EFE17QCRDP56KU6H9HODYOQBXKSHJ,initialized,0,,1485280205455
A3TAJQPYQE1GU4:3EFE17QCRDP56KU6H9HODYOQBXKSHJ,window_resize,0,"[1020, 675]",1485280205455
A3TAJQPYQE1GU4:3EFE17QCRDP56KU6H9HODYOQBXKSHJ,focus,31981,off,1485280237436
A3TAJQPYQE1GU4:3EFE17QCRDP56KU6H9HODYOQBXKSHJ,focus,382,on,1485280237818
A3TAJQPYQE1GU4:3EFE17QCRDP56KU6H9HODYOQBXKSHJ,focus,3,off,1485280237821
A3TAJQPYQE1GU4:3EFE17QCRDP56KU6H9HODYOQBXKSHJ,focus,1,on,1485280237822
A3TAJQPYQE1GU4:3EFE17QCRDP56KU6H9HODYOQBXKSHJ,focus,5387,off,1485280243209
A3TAJQPYQE1GU4:3EFE17QCRDP56KU6H9HODYOQBXKSHJ,focus,9951,on,1485280253160
A3TAJQPYQE1GU4:3EFE17QCRDP56KU6H9HODYOQBXKSHJ,window_resize,4407,"[1920, 989]",1485280257567
A3TAJQPYQE1GU4:3EFE17QCRDP56KU6H9HODYOQBXKSHJ,focus,36384,off,1485280293951
A3TAJQPYQE1GU4:3EFE17QCRDP56KU6H9HODYOQBXKSHJ,focus,33556,on,1485280327507
A3TAJQPYQE1GU4:3EFE17QCRDP56KU6H9HODYOQBXKSHJ,focus,10557,off,1485280338064
A3TAJQPYQE1GU4:3EFE17QCRDP56KU6H9HODYOQBXKSHJ,focus,5959,on,1485280344023
A3U2UNSYDPS933:34QN5IT0T0BCC091534YQFP8C3208D,initialized,0,,1484851118920
A3U2UNSYDPS933:34QN5IT0T0BCC091534YQFP8C3208D,window_resize,0,"[800, 556]",1484851118920
A3U2UNSYDPS933:34QN5IT0T0BCC091534YQFP8C3208D,window_resize,118281,"[1000, 695]",1484851237201
A3U2UNSYDPS933:34QN5IT0T0BCC091534YQFP8C3208D,window_resize,800,"[1200, 834]",1484851238001
A3U74S280Z4B0:3M68NM076IRD8GAC61QFQXU4FVM6R0,initialized,0,,1484789130852
A3U74S280Z4B0:3M68NM076IRD8GAC61QFQXU4FVM6R0,window_resize,0,"[1551, 916]",1484789130852
A3U74S280Z4B0:3M68NM076IRD8GAC61QFQXU4FVM6R0,focus,37779,off,1484789168631
A3U74S280Z4B0:3M68NM076IRD8GAC61QFQXU4FVM6R0,focus,0,on,1484789168631
A3U74S280Z4B0:3M68NM076IRD8GAC61QFQXU4FVM6R0,window_resize,213,"[1678, 916]",1484789168844
A4J4GGMKJ68L0:3GS6S824SRHQNXXQ4CM2F7O73MPWNB,initialized,0,,1485281933474
A4J4GGMKJ68L0:3GS6S824SRHQNXXQ4CM2F7O73MPWNB,window_resize,0,"[1316, 1350]",1485281933474
A4J4GGMKJ68L0:3GS6S824SRHQNXXQ4CM2F7O73MPWNB,focus,24344,off,1485281957818
A4J4GGMKJ68L0:3GS6S824SRHQNXXQ4CM2F7O73MPWNB,focus,1688,on,1485281959506
A4J4GGMKJ68L0:3GS6S824SRHQNXXQ4CM2F7O73MPWNB,focus,266650,off,1485282226156
A4J4GGMKJ68L0:3GS6S824SRHQNXXQ4CM2F7O73MPWNB,focus,3347,on,1485282229503
A4J4GGMKJ68L0:3GS6S824SRHQNXXQ4CM2F7O73MPWNB,focus,112015,off,1485282341518
A4J4GGMKJ68L0:3GS6S824SRHQNXXQ4CM2F7O73MPWNB,focus,2600,on,1485282344118
A55CXM7QR7R0N:308Q0PEVB9XNX09RELZIWFKFI3P9IU,initialized,0,,1484842223926
A55CXM7QR7R0N:308Q0PEVB9XNX09RELZIWFKFI3P9IU,window_resize,0,"[1600, 809]",1484842223926
A55CXM7QR7R0N:308Q0PEVB9XNX09RELZIWFKFI3P9IU,focus,40875,off,1484842264801
A55CXM7QR7R0N:308Q0PEVB9XNX09RELZIWFKFI3P9IU,focus,1,on,1484842264802
A5EU1AQJNC7F2:3WEV0KO0ONCOU4P4VDYYMD9SIIASDI,initialized,0,,1484764515207
A5EU1AQJNC7F2:3WEV0KO0ONCOU4P4VDYYMD9SIIASDI,window_resize,0,"[1020, 675]",1484764515207
A5EU1AQJNC7F2:3WEV0KO0ONCOU4P4VDYYMD9SIIASDI,focus,27887,off,1484764543094
A5EU1AQJNC7F2:3WEV0KO0ONCOU4P4VDYYMD9SIIASDI,focus,1,on,1484764543095
A5EU1AQJNC7F2:3WEV0KO0ONCOU4P4VDYYMD9SIIASDI,focus,1,off,1484764543096
A5EU1AQJNC7F2:3WEV0KO0ONCOU4P4VDYYMD9SIIASDI,focus,1196,on,1484764544292
A5EU1AQJNC7F2:3WEV0KO0ONCOU4P4VDYYMD9SIIASDI,focus,29403,off,1484764573695
A5EU1AQJNC7F2:3WEV0KO0ONCOU4P4VDYYMD9SIIASDI,focus,9763,on,1484764583458
A5EU1AQJNC7F2:3WEV0KO0ONCOU4P4VDYYMD9SIIASDI,focus,19815,off,1484764603273
A5EU1AQJNC7F2:3WEV0KO0ONCOU4P4VDYYMD9SIIASDI,focus,25995,on,1484764629268
A5EU1AQJNC7F2:3WEV0KO0ONCOU4P4VDYYMD9SIIASDI,focus,11454,off,1484764640722
A5EU1AQJNC7F2:3WEV0KO0ONCOU4P4VDYYMD9SIIASDI,focus,21633,on,1484764662355
A5EU1AQJNC7F2:3WEV0KO0ONCOU4P4VDYYMD9SIIASDI,focus,5956,off,1484764668311
A5EU1AQJNC7F2:3WEV0KO0ONCOU4P4VDYYMD9SIIASDI,focus,17863,on,1484764686174
A5EU1AQJNC7F2:3WEV0KO0ONCOU4P4VDYYMD9SIIASDI,focus,21561,off,1484764707735
A5EU1AQJNC7F2:3WEV0KO0ONCOU4P4VDYYMD9SIIASDI,focus,12289,on,1484764720024
A5EU1AQJNC7F2:3WEV0KO0ONCOU4P4VDYYMD9SIIASDI,focus,36579,off,1484764756603
A5EU1AQJNC7F2:3WEV0KO0ONCOU4P4VDYYMD9SIIASDI,focus,10873,on,1484764767476
A5EU1AQJNC7F2:3WEV0KO0ONCOU4P4VDYYMD9SIIASDI,focus,16983,off,1484764784459
A5EU1AQJNC7F2:3WEV0KO0ONCOU4P4VDYYMD9SIIASDI,focus,10740,on,1484764795199
A5EU1AQJNC7F2:3WEV0KO0ONCOU4P4VDYYMD9SIIASDI,focus,14433,off,1484764809632
A5EU1AQJNC7F2:3WEV0KO0ONCOU4P4VDYYMD9SIIASDI,focus,9973,on,1484764819605
A5EU1AQJNC7F2:3WEV0KO0ONCOU4P4VDYYMD9SIIASDI,focus,308826,off,1484765128431
A5EU1AQJNC7F2:3WEV0KO0ONCOU4P4VDYYMD9SIIASDI,focus,32420,on,1484765160851
A5EU1AQJNC7F2:3WEV0KO0ONCOU4P4VDYYMD9SIIASDI,focus,16558,off,1484765177409
A5EU1AQJNC7F2:3WEV0KO0ONCOU4P4VDYYMD9SIIASDI,focus,54062,on,1484765231471
A5EU1AQJNC7F2:3WEV0KO0ONCOU4P4VDYYMD9SIIASDI,focus,16787,off,1484765248258
A5EU1AQJNC7F2:3WEV0KO0ONCOU4P4VDYYMD9SIIASDI,focus,13793,on,1484765262051
A5EU1AQJNC7F2:3WEV0KO0ONCOU4P4VDYYMD9SIIASDI,focus,6847,off,1484765268898
A5EU1AQJNC7F2:3WEV0KO0ONCOU4P4VDYYMD9SIIASDI,focus,12219,on,1484765281117
A5EU1AQJNC7F2:3WEV0KO0ONCOU4P4VDYYMD9SIIASDI,focus,23172,off,1484765304289
A5EU1AQJNC7F2:3WEV0KO0ONCOU4P4VDYYMD9SIIASDI,focus,14111,on,1484765318400
A5EU1AQJNC7F2:3WEV0KO0ONCOU4P4VDYYMD9SIIASDI,focus,30061,off,1484765348461
A5EU1AQJNC7F2:3WEV0KO0ONCOU4P4VDYYMD9SIIASDI,focus,9222,on,1484765357683
A5EU1AQJNC7F2:3WEV0KO0ONCOU4P4VDYYMD9SIIASDI,focus,30364,off,1484765388047
A5EU1AQJNC7F2:3WEV0KO0ONCOU4P4VDYYMD9SIIASDI,focus,8583,on,1484765396630
A5EU1AQJNC7F2:3WEV0KO0ONCOU4P4VDYYMD9SIIASDI,focus,7624,off,1484765404254
A5EU1AQJNC7F2:3WEV0KO0ONCOU4P4VDYYMD9SIIASDI,focus,4345,on,1484765408599
A5EU1AQJNC7F2:3WEV0KO0ONCOU4P4VDYYMD9SIIASDI,focus,3980,off,1484765412579
A5EU1AQJNC7F2:3WEV0KO0ONCOU4P4VDYYMD9SIIASDI,focus,7308,on,1484765419887
A5EU1AQJNC7F2:3WEV0KO0ONCOU4P4VDYYMD9SIIASDI,focus,20489,off,1484765440376
A5EU1AQJNC7F2:3WEV0KO0ONCOU4P4VDYYMD9SIIASDI,focus,8840,on,1484765449216
A5EU1AQJNC7F2:3WEV0KO0ONCOU4P4VDYYMD9SIIASDI,focus,19735,off,1484765468951
A5EU1AQJNC7F2:3WEV0KO0ONCOU4P4VDYYMD9SIIASDI,focus,8850,on,1484765477801
A5EU1AQJNC7F2:3WEV0KO0ONCOU4P4VDYYMD9SIIASDI,focus,26875,off,1484765504676
A5EU1AQJNC7F2:3WEV0KO0ONCOU4P4VDYYMD9SIIASDI,focus,12322,on,1484765516998
A5EU1AQJNC7F2:3WEV0KO0ONCOU4P4VDYYMD9SIIASDI,focus,4759,off,1484765521757
A5EU1AQJNC7F2:3WEV0KO0ONCOU4P4VDYYMD9SIIASDI,focus,8250,on,1484765530007
A5EU1AQJNC7F2:3WEV0KO0ONCOU4P4VDYYMD9SIIASDI,focus,4563,off,1484765534570
A5EU1AQJNC7F2:3WEV0KO0ONCOU4P4VDYYMD9SIIASDI,focus,519893,on,1484766054463
A5EU1AQJNC7F2:3WEV0KO0ONCOU4P4VDYYMD9SIIASDI,focus,4609,off,1484766059072
A5EU1AQJNC7F2:3WEV0KO0ONCOU4P4VDYYMD9SIIASDI,focus,1121583,on,1484767180655
A5EU1AQJNC7F2:3WEV0KO0ONCOU4P4VDYYMD9SIIASDI,focus,22365,off,1484767203020
A5EU1AQJNC7F2:3WEV0KO0ONCOU4P4VDYYMD9SIIASDI,focus,20100,on,1484767223120
A5EU1AQJNC7F2:3WEV0KO0ONCOU4P4VDYYMD9SIIASDI,focus,25236,off,1484767248356
A5EU1AQJNC7F2:3WEV0KO0ONCOU4P4VDYYMD9SIIASDI,focus,16829,on,1484767265185
A5EU1AQJNC7F2:3WEV0KO0ONCOU4P4VDYYMD9SIIASDI,focus,18622,off,1484767283807
A5EU1AQJNC7F2:3WEV0KO0ONCOU4P4VDYYMD9SIIASDI,focus,9513,on,1484767293320
A5EU1AQJNC7F2:3WEV0KO0ONCOU4P4VDYYMD9SIIASDI,focus,27060,off,1484767320380
A5EU1AQJNC7F2:3WEV0KO0ONCOU4P4VDYYMD9SIIASDI,focus,16565,on,1484767336945
A5EU1AQJNC7F2:3WEV0KO0ONCOU4P4VDYYMD9SIIASDI,focus,26737,off,1484767363682
A5EU1AQJNC7F2:3WEV0KO0ONCOU4P4VDYYMD9SIIASDI,focus,15869,on,1484767379551
A5EU1AQJNC7F2:3WEV0KO0ONCOU4P4VDYYMD9SIIASDI,focus,26346,off,1484767405897
A5EU1AQJNC7F2:3WEV0KO0ONCOU4P4VDYYMD9SIIASDI,focus,9174,on,1484767415071
A5YVMQWA2IYPF:3LJ7UR74RIXEEVE6U6GJKF5GI6IN4X,initialized,0,,1484769463622
A5YVMQWA2IYPF:3LJ7UR74RIXEEVE6U6GJKF5GI6IN4X,window_resize,0,"[1020, 675]",1484769463622
A6JOC24PSUEEC:34J10VATJGITPZQDVNA4IAA4S34IQ0,initialized,0,,1484850203222
A6JOC24PSUEEC:34J10VATJGITPZQDVNA4IAA4S34IQ0,window_resize,1,"[1920, 1030]",1484850203223
A6JOC24PSUEEC:34J10VATJGITPZQDVNA4IAA4S34IQ0,focus,12443,off,1484850215666
A6JOC24PSUEEC:34J10VATJGITPZQDVNA4IAA4S34IQ0,focus,47799,on,1484850263465
ACNID00UIEL1T:3IO1LGZLKAH7QBVG7SKFZGZZP2P86F,initialized,0,,1484769454397
ACNID00UIEL1T:3IO1LGZLKAH7QBVG7SKFZGZZP2P86F,window_resize,0,"[1020, 675]",1484769454397
ACNID00UIEL1T:3IO1LGZLKAH7QBVG7SKFZGZZP2P86F,focus,17192,off,1484769471589
ACNID00UIEL1T:3IO1LGZLKAH7QBVG7SKFZGZZP2P86F,focus,26455,on,1484769498044
ACNID00UIEL1T:3IO1LGZLKAH7QBVG7SKFZGZZP2P86F,focus,4239,off,1484769502283
ACNID00UIEL1T:3IO1LGZLKAH7QBVG7SKFZGZZP2P86F,focus,5883,on,1484769508166
AD1DGG7ZDRAIT:3N8OEVH1FSA009O0E5V5D2BQQWSOO7,initialized,0,,1485293214058
AD1DGG7ZDRAIT:3N8OEVH1FSA009O0E5V5D2BQQWSOO7,window_resize,0,"[1366, 679]",1485293214058
AD1DGG7ZDRAIT:3N8OEVH1FSA009O0E5V5D2BQQWSOO7,focus,637,on,1485293214695
ADQ5G2XTCJBVY:3VW6495TLKKOO1W4QFD1HK7UIGQYY3,initialized,0,,1485294109546
ADQ5G2XTCJBVY:3VW6495TLKKOO1W4QFD1HK7UIGQYY3,window_resize,0,"[1020, 675]",1485294109546
AEI5USUUPBU2G:3HUTX6F6VV7MT2ZVR7X86P8NO6Q2O2,initialized,0,,1484849772996
AEI5USUUPBU2G:3HUTX6F6VV7MT2ZVR7X86P8NO6Q2O2,window_resize,0,"[1020, 675]",1484849772996
AEI5USUUPBU2G:3HUTX6F6VV7MT2ZVR7X86P8NO6Q2O2,focus,30683,off,1484849803679
AEI5USUUPBU2G:3HUTX6F6VV7MT2ZVR7X86P8NO6Q2O2,focus,81,on,1484849803760
AHNIHHEDXCHCN:3R2UR8A0IB0NUI2SFWI1WF2J2Y0OXB,initialized,0,,1485280910864
AHNIHHEDXCHCN:3R2UR8A0IB0NUI2SFWI1WF2J2Y0OXB,window_resize,1,"[1024, 686]",1485280910865
AKVDY8OXNMQED:3SLE99ER0OXSGJDYC910NGIV2DGBZJ,initialized,0,,1484790056387
AKVDY8OXNMQED:3SLE99ER0OXSGJDYC910NGIV2DGBZJ,window_resize,0,"[1440, 803]",1484790056387
AMPMTF5IAAMK8:3X1FV8S5JYB7YGGZRY4B3LWWUF2GV5,initialized,0,,1484788006357
AMPMTF5IAAMK8:3X1FV8S5JYB7YGGZRY4B3LWWUF2GV5,window_resize,0,"[1020, 675]",1484788006357
AN9MVFWRCF2OP:3YJ6NA41JC04KY94DSGFU6ZU0I9PJM,initialized,0,,1484771225091
AN9MVFWRCF2OP:3YJ6NA41JC04KY94DSGFU6ZU0I9PJM,window_resize,0,"[1024, 682]",1484771225091
AN9MVFWRCF2OP:3YJ6NA41JC04KY94DSGFU6ZU0I9PJM,focus,22859,off,1484771247950
AN9MVFWRCF2OP:3YJ6NA41JC04KY94DSGFU6ZU0I9PJM,focus,8,on,1484771247958
AN9MVFWRCF2OP:3YJ6NA41JC04KY94DSGFU6ZU0I9PJM,focus,1,off,1484771247959
AN9MVFWRCF2OP:3YJ6NA41JC04KY94DSGFU6ZU0I9PJM,focus,707,on,1484771248666
AN9MVFWRCF2OP:3YJ6NA41JC04KY94DSGFU6ZU0I9PJM,focus,62387,off,1484771311053
AN9MVFWRCF2OP:3YJ6NA41JC04KY94DSGFU6ZU0I9PJM,focus,5289,on,1484771316342
AN9MVFWRCF2OP:3YJ6NA41JC04KY94DSGFU6ZU0I9PJM,focus,258548,off,1484771574890
AN9MVFWRCF2OP:3YJ6NA41JC04KY94DSGFU6ZU0I9PJM,focus,9138,on,1484771584028
ANDT8L0OMD5K3:3ZAZR5XV022BQO54Q9XVY0ODLMCZCN,initialized,0,,1485294098223
ANDT8L0OMD5K3:3ZAZR5XV022BQO54Q9XVY0ODLMCZCN,window_resize,0,"[1332, 613]",1485294098223
ANDT8L0OMD5K3:3ZAZR5XV022BQO54Q9XVY0ODLMCZCN,focus,45744,off,1485294143967
ANDT8L0OMD5K3:3ZAZR5XV022BQO54Q9XVY0ODLMCZCN,focus,1,on,1485294143968
ANDT8L0OMD5K3:3ZAZR5XV022BQO54Q9XVY0ODLMCZCN,focus,45,off,1485294144013
ANDT8L0OMD5K3:3ZAZR5XV022BQO54Q9XVY0ODLMCZCN,focus,13279,on,1485294157292
ANN3SQMLKLP4X:3M23Y66PO3RP9VAPLQQKG7Z01X56SO,initialized,0,,1484788084872
ANN3SQMLKLP4X:3M23Y66PO3RP9VAPLQQKG7Z01X56SO,window_resize,0,"[1133, 750]",1484788084872
ANN3SQMLKLP4X:3M23Y66PO3RP9VAPLQQKG7Z01X56SO,window_resize,29076,"[1517, 752]",1484788113948
ANN3SQMLKLP4X:3M23Y66PO3RP9VAPLQQKG7Z01X56SO,focus,307875,off,1484788421823
ANN3SQMLKLP4X:3M23Y66PO3RP9VAPLQQKG7Z01X56SO,focus,160048,on,1484788581871
ANN3SQMLKLP4X:3M23Y66PO3RP9VAPLQQKG7Z01X56SO,focus,24458,off,1484788606329
ANN3SQMLKLP4X:3M23Y66PO3RP9VAPLQQKG7Z01X56SO,focus,6149,on,1484788612478
ANN3SQMLKLP4X:3M23Y66PO3RP9VAPLQQKG7Z01X56SO,focus,4209,off,1484788616687
ANN3SQMLKLP4X:3M23Y66PO3RP9VAPLQQKG7Z01X56SO,focus,2698,on,1484788619385
ANN3SQMLKLP4X:3M23Y66PO3RP9VAPLQQKG7Z01X56SO,focus,1824,off,1484788621209
ANN3SQMLKLP4X:3M23Y66PO3RP9VAPLQQKG7Z01X56SO,focus,1858,on,1484788623067
AR1IWBDA7MC86:3TY7ZAOG5G4W71B2ES11GKYZ7ZOK00,initialized,0,,1484766385837
AR1IWBDA7MC86:3TY7ZAOG5G4W71B2ES11GKYZ7ZOK00,window_resize,0,"[1920, 989]",1484766385837
AR1IWBDA7MC86:3TY7ZAOG5G4W71B2ES11GKYZ7ZOK00,window_resize,12219,"[1920, 989]",1484766398056
AR1IWBDA7MC86:3TY7ZAOG5G4W71B2ES11GKYZ7ZOK00,focus,228863,off,1484766626919
AR1IWBDA7MC86:3TY7ZAOG5G4W71B2ES11GKYZ7ZOK00,focus,1162,on,1484766628081
AR1IWBDA7MC86:3TY7ZAOG5G4W71B2ES11GKYZ7ZOK00,focus,13861,off,1484766641942
AR1IWBDA7MC86:3TY7ZAOG5G4W71B2ES11GKYZ7ZOK00,focus,5375,on,1484766647317
AR1IWBDA7MC86:3TY7ZAOG5G4W71B2ES11GKYZ7ZOK00,focus,32823,off,1484766680140
AR1IWBDA7MC86:3TY7ZAOG5G4W71B2ES11GKYZ7ZOK00,focus,5709,on,1484766685849
AR1IWBDA7MC86:3TY7ZAOG5G4W71B2ES11GKYZ7ZOK00,focus,16998,off,1484766702847
AR1IWBDA7MC86:3TY7ZAOG5G4W71B2ES11GKYZ7ZOK00,focus,28088,on,1484766730935
AROEBUDI2L9G9:3M68NM076IRD8GAC61QFQXU4GJIR6U,initialized,0,,1485293590700
AROEBUDI2L9G9:3M68NM076IRD8GAC61QFQXU4GJIR6U,window_resize,0,"[1020, 675]",1485293590700
AROEBUDI2L9G9:3M68NM076IRD8GAC61QFQXU4GJIR6U,focus,54754,off,1485293645454
AROEBUDI2L9G9:3M68NM076IRD8GAC61QFQXU4GJIR6U,focus,87,on,1485293645541
AS68QSR9OKM0N:38F5OAUN5OWJNMAET6JDI7SUNWZH72,initialized,0,,1484771699231
AS68QSR9OKM0N:38F5OAUN5OWJNMAET6JDI7SUNWZH72,window_resize,0,"[1024, 686]",1484771699231
ATHRWCC5Z0YXC:3RKNTXVS3NI7UCKHL2BEY9LGJZJA40,initialized,0,,1484769566136
ATHRWCC5Z0YXC:3RKNTXVS3NI7UCKHL2BEY9LGJZJA40,window_resize,0,"[1020, 675]",1484769566136
ATHRWCC5Z0YXC:3RKNTXVS3NI7UCKHL2BEY9LGJZJA40,focus,51119,off,1484769617255
ATHRWCC5Z0YXC:3RKNTXVS3NI7UCKHL2BEY9LGJZJA40,focus,19,on,1484769617274
AU8YVB738G6C:3NAPMVF0ZXZF8W7WALG6V3MSZ2N72V,initialized,0,,1485293221163
AU8YVB738G6C:3NAPMVF0ZXZF8W7WALG6V3MSZ2N72V,window_resize,0,"[1020, 483]",1485293221163
AURYD2FH3FUOQ:3IJXV6UZ1Y3T105D82Z4N0K9P8GRIN,initialized,0,,1485280885393
AURYD2FH3FUOQ:3IJXV6UZ1Y3T105D82Z4N0K9P8GRIN,window_resize,1,"[1122, 644]",1485280885394
AURYD2FH3FUOQ:3IJXV6UZ1Y3T105D82Z4N0K9P8GRIN,focus,913,on,1485280886307
AUVC78LEL0T6L:3IJXV6UZ1Y3T105D82Z4N0K9OP6IR1,initialized,0,,1484849776489
AUVC78LEL0T6L:3IJXV6UZ1Y3T105D82Z4N0K9OP6IR1,window_resize,0,"[1020, 675]",1484849776489
AUVC78LEL0T6L:3IJXV6UZ1Y3T105D82Z4N0K9OP6IR1,focus,30130,off,1484849806619
AUVC78LEL0T6L:3IJXV6UZ1Y3T105D82Z4N0K9OP6IR1,window_resize,188,"[958, 980]",1484849806807
AUVC78LEL0T6L:3IJXV6UZ1Y3T105D82Z4N0K9OP6IR1,window_resize,4430,"[991, 980]",1484849811237
AUVC78LEL0T6L:3IJXV6UZ1Y3T105D82Z4N0K9OP6IR1,window_resize,1236,"[1054, 980]",1484849812473
AUVC78LEL0T6L:3IJXV6UZ1Y3T105D82Z4N0K9OP6IR1,focus,7391,on,1484849819864
AUVC78LEL0T6L:3IJXV6UZ1Y3T105D82Z4N0K9OP6IR1,focus,3582,off,1484849823446
AUVC78LEL0T6L:3IJXV6UZ1Y3T105D82Z4N0K9OP6IR1,focus,22388,on,1484849845834
AUVC78LEL0T6L:3IJXV6UZ1Y3T105D82Z4N0K9OP6IR1,focus,18840,off,1484849864674
AUVC78LEL0T6L:3IJXV6UZ1Y3T105D82Z4N0K9OP6IR1,focus,1580,on,1484849866254
AUVC78LEL0T6L:3IJXV6UZ1Y3T105D82Z4N0K9OP6IR1,focus,131482,off,1484849997736
AUVC78LEL0T6L:3IJXV6UZ1Y3T105D82Z4N0K9OP6IR1,focus,4057,on,1484850001793
AVXEDARJC5HLU:3OWEPKL08AWBXIWPW4EQNRPQ988N7H,initialized,0,,1484773825255
AVXEDARJC5HLU:3OWEPKL08AWBXIWPW4EQNRPQ988N7H,window_resize,0,"[1020, 675]",1484773825255
AVXEDARJC5HLU:3OWEPKL08AWBXIWPW4EQNRPQ988N7H,focus,30847,off,1484773856102
AVXEDARJC5HLU:3OWEPKL08AWBXIWPW4EQNRPQ988N7H,focus,1,on,1484773856103
AVXEDARJC5HLU:3OWEPKL08AWBXIWPW4EQNRPQ988N7H,focus,1,off,1484773856104
AVXEDARJC5HLU:3OWEPKL08AWBXIWPW4EQNRPQ988N7H,focus,1,on,1484773856105
AVXEDARJC5HLU:3OWEPKL08AWBXIWPW4EQNRPQ988N7H,focus,135518,off,1484773991623
AVXEDARJC5HLU:3OWEPKL08AWBXIWPW4EQNRPQ988N7H,focus,55899,on,1484774047522
AWH1ADU3OJMMK:3G5F9DBFOQHLYCBAB4MTOL8XA1EVHR,initialized,0,,1485282920586
AWH1ADU3OJMMK:3G5F9DBFOQHLYCBAB4MTOL8XA1EVHR,window_resize,0,"[1920, 1028]",1485282920586
AWH1ADU3OJMMK:3G5F9DBFOQHLYCBAB4MTOL8XA1EVHR,focus,626,on,1485282921212
AXJ1PE87PD0KK:354GIDR5ZCQUUB4YAZRJX0JQT5E00E,initialized,0,,1484844292622
AXJ1PE87PD0KK:354GIDR5ZCQUUB4YAZRJX0JQT5E00E,window_resize,0,"[1020, 675]",1484844292622
AYYSG3O9FNU15:3II4UPYCOKRCHOAR399TRDUR1H6QDJ,initialized,0,,1485282108984
AYYSG3O9FNU15:3II4UPYCOKRCHOAR399TRDUR1H6QDJ,window_resize,0,"[1020, 675]",1485282108984
AYYSG3O9FNU15:3II4UPYCOKRCHOAR399TRDUR1H6QDJ,focus,25992,off,1485282134976
AYYSG3O9FNU15:3II4UPYCOKRCHOAR399TRDUR1H6QDJ,focus,30848,on,1485282165824
AZGBKAM5JUV5A:37Q970SNZFSU299SFKE3LB8JU8P1SU,initialized,0,,1485283004640
AZGBKAM5JUV5A:37Q970SNZFSU299SFKE3LB8JU8P1SU,window_resize,0,"[2133, 1098]",1485283004640
